"ID предупреждения";"Текст предупреждения"
persistent_error_full_db;"Количество событий в базе данных превышает максимальное. Стабильная работа устройства не гарантируется. Рекомендуется в ближайшее время произвести очистку БД."
Идентификатор;"Тип прохода";"Временная метка"
24524779;"Выход";"2024-12-15 08:01:41"
24524780;"Вход";"2024-12-15 08:02:08"
24524793;"Вход";"2024-12-15 08:11:17"
24524794;"Вход";"2024-12-15 08:11:40"
24524799;"Выход";"2024-12-15 08:11:53"
24524805;"Выход";"2024-12-15 08:12:50"
24524807;"Вход";"2024-12-15 08:12:50"
24524808;"Вход";"2024-12-15 08:13:52"
24524809;"Выход";"2024-12-15 08:14:02"
24524810;"Выход";"2024-12-15 08:14:05"
24524817;"Выход";"2024-12-15 08:16:31"
24524824;"Выход";"2024-12-15 08:17:26"
24524825;"Вход";"2024-12-15 08:17:55"
24524826;"Выход";"2024-12-15 08:19:50"
24524827;"Выход";"2024-12-15 08:21:48"
24524828;"Выход";"2024-12-15 08:22:15"
24524835;"Выход";"2024-12-15 08:23:39"
24524836;"Вход";"2024-12-15 08:23:57"
24524837;"Вход";"2024-12-15 08:24:42"
24524838;"Выход";"2024-12-15 08:24:45"
24524839;"Вход";"2024-12-15 08:24:50"
24524840;"Вход";"2024-12-15 08:25:03"
24524844;"Выход";"2024-12-15 08:26:16"
24524846;"Вход";"2024-12-15 08:28:49"
24524849;"Вход";"2024-12-15 08:29:01"
24524852;"Выход";"2024-12-15 08:29:12"
24524853;"Вход";"2024-12-15 08:30:03"
24524856;"Вход";"2024-12-15 08:30:05"
24524859;"Вход";"2024-12-15 08:30:16"
24524868;"Вход";"2024-12-15 08:32:04"
24524869;"Вход";"2024-12-15 08:32:05"
24524870;"Вход";"2024-12-15 08:32:05"
24524871;"Вход";"2024-12-15 08:33:24"
24524872;"Вход";"2024-12-15 08:33:25"
24524873;"Вход";"2024-12-15 08:33:26"
24524874;"Вход";"2024-12-15 08:33:27"
24524877;"Выход";"2024-12-15 08:34:59"
24524878;"Вход";"2024-12-15 08:35:14"
24524885;"Выход";"2024-12-15 08:37:35"
24524888;"Вход";"2024-12-15 08:38:44"
24524889;"Вход";"2024-12-15 08:38:45"
24524892;"Вход";"2024-12-15 08:40:27"
24524895;"Выход";"2024-12-15 08:41:40"
24524896;"Выход";"2024-12-15 08:41:41"
24524897;"Вход";"2024-12-15 08:41:51"
24524900;"Вход";"2024-12-15 08:42:05"
24524903;"Выход";"2024-12-15 08:42:05"
24524904;"Вход";"2024-12-15 08:42:29"
24524908;"Вход";"2024-12-15 08:43:24"
24524912;"Выход";"2024-12-15 08:44:21"
24524913;"Выход";"2024-12-15 08:44:26"
24524914;"Выход";"2024-12-15 08:44:42"
24524919;"Вход";"2024-12-15 08:45:10"
24524924;"Выход";"2024-12-15 08:45:38"
24524928;"Вход";"2024-12-15 08:45:52"
24524932;"Вход";"2024-12-15 08:46:51"
24524933;"Выход";"2024-12-15 08:47:19"
24524934;"Вход";"2024-12-15 08:47:32"
24524935;"Выход";"2024-12-15 08:47:34"
24524936;"Вход";"2024-12-15 08:47:47"
24524937;"Выход";"2024-12-15 08:48:15"
24524938;"Выход";"2024-12-15 08:48:17"
24524939;"Выход";"2024-12-15 08:48:26"
24524942;"Вход";"2024-12-15 08:48:35"
24524943;"Вход";"2024-12-15 08:48:35"
24524944;"Вход";"2024-12-15 08:48:35"
24524945;"Вход";"2024-12-15 08:48:38"
24524946;"Вход";"2024-12-15 08:48:44"
24524949;"Вход";"2024-12-15 08:48:45"
24524950;"Вход";"2024-12-15 08:48:50"
24524957;"Выход";"2024-12-15 08:50:08"
24524960;"Выход";"2024-12-15 08:50:27"
24524961;"Вход";"2024-12-15 08:50:43"
24524962;"Выход";"2024-12-15 08:50:50"
24524963;"Выход";"2024-12-15 08:50:59"
24524964;"Вход";"2024-12-15 08:51:04"
24524965;"Вход";"2024-12-15 08:51:10"
24524966;"Вход";"2024-12-15 08:51:20"
24524967;"Вход";"2024-12-15 08:51:24"
24524968;"Выход";"2024-12-15 08:51:25"
24524971;"Вход";"2024-12-15 08:51:29"
24524974;"Выход";"2024-12-15 08:51:37"
24524980;"Вход";"2024-12-15 08:52:01"
24524984;"Вход";"2024-12-15 08:52:08"
24524985;"Вход";"2024-12-15 08:52:55"
24524986;"Вход";"2024-12-15 08:53:08"
24524993;"Вход";"2024-12-15 08:53:30"
24524994;"Выход";"2024-12-15 08:53:31"
24524999;"Вход";"2024-12-15 08:54:37"
24525000;"Вход";"2024-12-15 08:54:38"
24525001;"Вход";"2024-12-15 08:54:39"
24525002;"Выход";"2024-12-15 08:54:55"
24525005;"Вход";"2024-12-15 08:55:42"
24525006;"Выход";"2024-12-15 08:55:45"
24525009;"Вход";"2024-12-15 08:55:54"
24525010;"Вход";"2024-12-15 08:56:12"
24525011;"Вход";"2024-12-15 08:56:14"
24525012;"Выход";"2024-12-15 08:56:23"
24525019;"Выход";"2024-12-15 08:57:24"
24525020;"Выход";"2024-12-15 08:57:53"
24525023;"Выход";"2024-12-15 08:58:31"
24525024;"Выход";"2024-12-15 08:59:08"
24525025;"Вход";"2024-12-15 08:59:19"
24525026;"Выход";"2024-12-15 08:59:20"
24525027;"Вход";"2024-12-15 08:59:27"
24525031;"Выход";"2024-12-15 08:59:45"
24525035;"Выход";"2024-12-15 08:59:49"
24525036;"Вход";"2024-12-15 08:59:50"
24525037;"Вход";"2024-12-15 09:00:19"
24525038;"Вход";"2024-12-15 09:00:29"
24525039;"Выход";"2024-12-15 09:00:30"
24525040;"Вход";"2024-12-15 09:00:40"
24525041;"Выход";"2024-12-15 09:00:57"
24525042;"Вход";"2024-12-15 09:01:06"
24525043;"Вход";"2024-12-15 09:01:21"
24525044;"Выход";"2024-12-15 09:01:27"
24525047;"Вход";"2024-12-15 09:01:33"
24525048;"Вход";"2024-12-15 09:05:20"
24525049;"Вход";"2024-12-15 09:06:20"
24525050;"Выход";"2024-12-15 09:07:09"
24525051;"Выход";"2024-12-15 09:08:41"
24525052;"Вход";"2024-12-15 09:09:20"
24525053;"Вход";"2024-12-15 09:10:06"
24525054;"Вход";"2024-12-15 09:10:09"
24525057;"Вход";"2024-12-15 09:10:22"
24525062;"Вход";"2024-12-15 09:10:58"
24525063;"Вход";"2024-12-15 09:10:59"
24525066;"Вход";"2024-12-15 09:11:13"
24525067;"Вход";"2024-12-15 09:11:32"
24525068;"Вход";"2024-12-15 09:11:33"
24525073;"Выход";"2024-12-15 09:11:43"
24525074;"Выход";"2024-12-15 09:11:49"
24525075;"Вход";"2024-12-15 09:11:56"
24525080;"Выход";"2024-12-15 09:15:01"
24525083;"Выход";"2024-12-15 09:19:45"
24525084;"Вход";"2024-12-15 09:20:13"
24525085;"Выход";"2024-12-15 09:20:24"
24525086;"Выход";"2024-12-15 09:20:56"
24525087;"Вход";"2024-12-15 09:21:15"
24525088;"Вход";"2024-12-15 09:21:30"
24525089;"Вход";"2024-12-15 09:21:30"
24525090;"Выход";"2024-12-15 09:21:35"
24525091;"Выход";"2024-12-15 09:21:43"
24525092;"Вход";"2024-12-15 09:22:33"
24525093;"Вход";"2024-12-15 09:24:27"
24525098;"Выход";"2024-12-15 09:25:58"
24525099;"Выход";"2024-12-15 09:26:21"
24525105;"Выход";"2024-12-15 09:27:10"
24525109;"Вход";"2024-12-15 09:27:16"
24525110;"Выход";"2024-12-15 09:28:17"
24525111;"Выход";"2024-12-15 09:28:19"
24525112;"Выход";"2024-12-15 09:28:25"
24525113;"Вход";"2024-12-15 09:28:29"
24525114;"Вход";"2024-12-15 09:29:05"
24525115;"Вход";"2024-12-15 09:29:12"
24525116;"Выход";"2024-12-15 09:30:01"
24525117;"Выход";"2024-12-15 09:30:03"
24525118;"Выход";"2024-12-15 09:30:05"
24525119;"Выход";"2024-12-15 09:30:14"
24525120;"Вход";"2024-12-15 09:30:31"
24525121;"Вход";"2024-12-15 09:30:37"
24525122;"Вход";"2024-12-15 09:30:54"
24525123;"Вход";"2024-12-15 09:31:02"
24525124;"Вход";"2024-12-15 09:31:03"
24525127;"Выход";"2024-12-15 09:31:10"
24525128;"Вход";"2024-12-15 09:31:11"
24525133;"Вход";"2024-12-15 09:31:17"
24525138;"Вход";"2024-12-15 09:32:26"
24525139;"Вход";"2024-12-15 09:32:55"
24525144;"Вход";"2024-12-15 09:33:27"
24525145;"Вход";"2024-12-15 09:33:28"
24525149;"Вход";"2024-12-15 09:33:43"
24525152;"Вход";"2024-12-15 09:33:44"
24525154;"Вход";"2024-12-15 09:33:47"
24525157;"Вход";"2024-12-15 09:34:27"
24525158;"Вход";"2024-12-15 09:34:28"
24525161;"Выход";"2024-12-15 09:34:34"
24525164;"Выход";"2024-12-15 09:34:54"
24525165;"Вход";"2024-12-15 09:35:01"
24525166;"Вход";"2024-12-15 09:35:02"
24525167;"Вход";"2024-12-15 09:35:05"
24525174;"Вход";"2024-12-15 09:35:49"
24525175;"Выход";"2024-12-15 09:36:14"
24525176;"Вход";"2024-12-15 09:36:18"
24525177;"Вход";"2024-12-15 09:37:05"
24525182;"Вход";"2024-12-15 09:37:33"
24525185;"Вход";"2024-12-15 09:38:04"
24525186;"Выход";"2024-12-15 09:38:08"
24525189;"Вход";"2024-12-15 09:38:18"
24525192;"Выход";"2024-12-15 09:38:38"
24525193;"Выход";"2024-12-15 09:38:41"
24525194;"Выход";"2024-12-15 09:38:45"
24525195;"Выход";"2024-12-15 09:39:17"
24525196;"Выход";"2024-12-15 09:39:17"
24525197;"Выход";"2024-12-15 09:39:18"
24525198;"Вход";"2024-12-15 09:39:44"
24525199;"Вход";"2024-12-15 09:39:45"
24525202;"Выход";"2024-12-15 09:39:49"
24525203;"Выход";"2024-12-15 09:40:32"
24525204;"Выход";"2024-12-15 09:40:35"
24525205;"Выход";"2024-12-15 09:40:42"
24525206;"Вход";"2024-12-15 09:41:05"
24525207;"Вход";"2024-12-15 09:41:09"
24525210;"Вход";"2024-12-15 09:42:09"
24525211;"Выход";"2024-12-15 09:42:09"
24525212;"Вход";"2024-12-15 09:42:32"
24525213;"Вход";"2024-12-15 09:43:04"
24525214;"Вход";"2024-12-15 09:43:24"
24525215;"Вход";"2024-12-15 09:43:25"
24525216;"Вход";"2024-12-15 09:43:42"
24525217;"Вход";"2024-12-15 09:43:43"
24525218;"Вход";"2024-12-15 09:43:45"
24525223;"Выход";"2024-12-15 09:44:07"
24525224;"Вход";"2024-12-15 09:44:16"
24525229;"Вход";"2024-12-15 09:46:16"
24525230;"Выход";"2024-12-15 09:46:20"
24525235;"Вход";"2024-12-15 09:47:17"
24525244;"Вход";"2024-12-15 09:48:23"
24525245;"Выход";"2024-12-15 09:48:26"
24525246;"Выход";"2024-12-15 09:48:28"
24525249;"Выход";"2024-12-15 09:48:44"
24525250;"Вход";"2024-12-15 09:48:53"
24525261;"Выход";"2024-12-15 09:49:07"
24525262;"Выход";"2024-12-15 09:49:07"
24525263;"Выход";"2024-12-15 09:49:09"
24525268;"Вход";"2024-12-15 09:49:21"
24525271;"Вход";"2024-12-15 09:49:23"
24525272;"Выход";"2024-12-15 09:49:40"
24525273;"Вход";"2024-12-15 09:49:56"
24525274;"Вход";"2024-12-15 09:50:49"
24525275;"Вход";"2024-12-15 09:50:59"
24525276;"Вход";"2024-12-15 09:51:37"
24525279;"Вход";"2024-12-15 09:51:52"
24525280;"Выход";"2024-12-15 09:51:55"
24525281;"Выход";"2024-12-15 09:53:00"
24525282;"Вход";"2024-12-15 09:53:25"
24525285;"Вход";"2024-12-15 09:53:32"
24525292;"Вход";"2024-12-15 09:54:39"
24525294;"Вход";"2024-12-15 09:55:08"
24525295;"Вход";"2024-12-15 09:55:09"
24525297;"Выход";"2024-12-15 09:55:20"
24525298;"Вход";"2024-12-15 09:55:21"
24525301;"Вход";"2024-12-15 09:55:31"
24525302;"Выход";"2024-12-15 09:56:28"
24525303;"Вход";"2024-12-15 09:56:41"
24525304;"Вход";"2024-12-15 09:56:42"
24525305;"Выход";"2024-12-15 09:56:43"
24525306;"Выход";"2024-12-15 09:56:46"
24525309;"Вход";"2024-12-15 09:57:11"
24525310;"Вход";"2024-12-15 09:57:25"
24525313;"Вход";"2024-12-15 09:57:48"
24525314;"Выход";"2024-12-15 09:58:04"
24525315;"Вход";"2024-12-15 09:58:14"
24525316;"Выход";"2024-12-15 09:58:29"
24525317;"Вход";"2024-12-15 09:59:41"
24525318;"Вход";"2024-12-15 10:00:08"
24525319;"Вход";"2024-12-15 10:00:08"
24525320;"Выход";"2024-12-15 10:00:18"
24525321;"Выход";"2024-12-15 10:00:39"
24525322;"Вход";"2024-12-15 10:00:53"
24525323;"Вход";"2024-12-15 10:00:53"
24525324;"Вход";"2024-12-15 10:00:54"
24525325;"Вход";"2024-12-15 10:01:07"
24525330;"Выход";"2024-12-15 10:02:15"
24525331;"Выход";"2024-12-15 10:02:16"
24525332;"Выход";"2024-12-15 10:03:20"
24525333;"Выход";"2024-12-15 10:03:23"
24525334;"Выход";"2024-12-15 10:03:27"
24525335;"Выход";"2024-12-15 10:03:43"
24525336;"Вход";"2024-12-15 10:03:58"
24525343;"Вход";"2024-12-15 10:04:06"
24525344;"Вход";"2024-12-15 10:04:08"
24525345;"Вход";"2024-12-15 10:04:49"
24525346;"Вход";"2024-12-15 10:06:06"
24525347;"Выход";"2024-12-15 10:06:12"
24525348;"Вход";"2024-12-15 10:06:18"
24525349;"Вход";"2024-12-15 10:06:50"
24525354;"Вход";"2024-12-15 10:07:06"
24525357;"Вход";"2024-12-15 10:08:28"
24525360;"Выход";"2024-12-15 10:09:11"
24525361;"Вход";"2024-12-15 10:09:22"
24525362;"Вход";"2024-12-15 10:09:24"
24525363;"Вход";"2024-12-15 10:09:56"
24525364;"Вход";"2024-12-15 10:10:11"
24525365;"Выход";"2024-12-15 10:10:14"
24525366;"Вход";"2024-12-15 10:10:32"
24525367;"Выход";"2024-12-15 10:10:40"
24525368;"Вход";"2024-12-15 10:10:43"
24525369;"Выход";"2024-12-15 10:11:07"
24525370;"Выход";"2024-12-15 10:11:34"
24525371;"Вход";"2024-12-15 10:11:58"
24525374;"Выход";"2024-12-15 10:12:19"
24525375;"Выход";"2024-12-15 10:12:59"
24525376;"Выход";"2024-12-15 10:13:05"
24525389;"Выход";"2024-12-15 10:13:11"
24525390;"Выход";"2024-12-15 10:13:12"
24525393;"Вход";"2024-12-15 10:13:35"
24525395;"Вход";"2024-12-15 10:14:22"
24525406;"Выход";"2024-12-15 10:15:03"
24525408;"Вход";"2024-12-15 10:15:03"
24525409;"Выход";"2024-12-15 10:15:03"
24525414;"Выход";"2024-12-15 10:15:14"
24525425;"Выход";"2024-12-15 10:16:47"
24525428;"Вход";"2024-12-15 10:16:49"
24525429;"Выход";"2024-12-15 10:17:47"
24525438;"Вход";"2024-12-15 10:19:36"
24525439;"Выход";"2024-12-15 10:20:34"
24525440;"Выход";"2024-12-15 10:20:42"
24525441;"Выход";"2024-12-15 10:21:30"
24525442;"Вход";"2024-12-15 10:21:30"
24525443;"Вход";"2024-12-15 10:21:37"
24525446;"Выход";"2024-12-15 10:22:06"
24525449;"Вход";"2024-12-15 10:23:08"
24525450;"Вход";"2024-12-15 10:23:09"
24525451;"Выход";"2024-12-15 10:23:15"
24525452;"Вход";"2024-12-15 10:23:22"
24525453;"Вход";"2024-12-15 10:23:24"
24525454;"Вход";"2024-12-15 10:23:26"
24525455;"Выход";"2024-12-15 10:25:06"
24525456;"Вход";"2024-12-15 10:25:07"
24525457;"Вход";"2024-12-15 10:25:08"
24525458;"Вход";"2024-12-15 10:25:11"
24525459;"Вход";"2024-12-15 10:25:23"
24525460;"Выход";"2024-12-15 10:25:32"
24525461;"Выход";"2024-12-15 10:25:36"
24525462;"Выход";"2024-12-15 10:25:36"
24525463;"Вход";"2024-12-15 10:26:35"
24525466;"Вход";"2024-12-15 10:27:35"
24525467;"Вход";"2024-12-15 10:27:36"
24525470;"Вход";"2024-12-15 10:27:49"
24525471;"Вход";"2024-12-15 10:27:59"
24525479;"Вход";"2024-12-15 10:28:09"
24525483;"Вход";"2024-12-15 10:28:21"
24525486;"Вход";"2024-12-15 10:28:31"
24525487;"Вход";"2024-12-15 10:28:57"
24525498;"Вход";"2024-12-15 10:29:19"
24525499;"Вход";"2024-12-15 10:29:24"
24525500;"Вход";"2024-12-15 10:30:02"
24525501;"Вход";"2024-12-15 10:30:24"
24525502;"Вход";"2024-12-15 10:30:36"
24525503;"Вход";"2024-12-15 10:30:48"
24525504;"Выход";"2024-12-15 10:31:00"
24525505;"Вход";"2024-12-15 10:31:09"
24525506;"Вход";"2024-12-15 10:31:16"
24525507;"Вход";"2024-12-15 10:31:17"
24525508;"Вход";"2024-12-15 10:31:25"
24525509;"Вход";"2024-12-15 10:31:26"
24525512;"Вход";"2024-12-15 10:31:49"
24525513;"Вход";"2024-12-15 10:31:52"
24525516;"Выход";"2024-12-15 10:32:01"
24525531;"Вход";"2024-12-15 10:33:05"
24525534;"Вход";"2024-12-15 10:33:20"
24525535;"Вход";"2024-12-15 10:33:21"
24525536;"Вход";"2024-12-15 10:33:37"
24525537;"Вход";"2024-12-15 10:33:37"
24525538;"Выход";"2024-12-15 10:33:49"
24525539;"Выход";"2024-12-15 10:34:04"
24525540;"Вход";"2024-12-15 10:34:12"
24525541;"Выход";"2024-12-15 10:34:43"
24525542;"Вход";"2024-12-15 10:34:56"
24525545;"Вход";"2024-12-15 10:34:56"
24525546;"Вход";"2024-12-15 10:36:29"
24525547;"Вход";"2024-12-15 10:36:45"
24525548;"Вход";"2024-12-15 10:36:52"
24525549;"Выход";"2024-12-15 10:38:01"
24525552;"Выход";"2024-12-15 10:38:43"
24525555;"Вход";"2024-12-15 10:38:48"
24525556;"Вход";"2024-12-15 10:38:49"
24525557;"Вход";"2024-12-15 10:38:50"
24525558;"Вход";"2024-12-15 10:38:52"
24525559;"Вход";"2024-12-15 10:38:53"
24525560;"Выход";"2024-12-15 10:38:57"
24525561;"Выход";"2024-12-15 10:38:59"
24525564;"Выход";"2024-12-15 10:39:51"
24525565;"Вход";"2024-12-15 10:39:56"
24525566;"Вход";"2024-12-15 10:40:37"
24525567;"Вход";"2024-12-15 10:41:03"
24525568;"Выход";"2024-12-15 10:41:27"
24525569;"Выход";"2024-12-15 10:41:32"
24525570;"Выход";"2024-12-15 10:41:45"
24525571;"Выход";"2024-12-15 10:42:43"
24525572;"Выход";"2024-12-15 10:42:48"
24525575;"Выход";"2024-12-15 10:43:15"
24525576;"Выход";"2024-12-15 10:43:19"
24525577;"Вход";"2024-12-15 10:43:38"
24525578;"Вход";"2024-12-15 10:43:56"
24525579;"Вход";"2024-12-15 10:44:54"
24525580;"Вход";"2024-12-15 10:44:55"
24525581;"Вход";"2024-12-15 10:45:18"
24525582;"Вход";"2024-12-15 10:45:57"
24525583;"Вход";"2024-12-15 10:45:59"
24525584;"Вход";"2024-12-15 10:46:00"
24525585;"Выход";"2024-12-15 10:46:22"
24525594;"Выход";"2024-12-15 10:47:29"
24525597;"Вход";"2024-12-15 10:47:37"
24525598;"Вход";"2024-12-15 10:47:40"
24525601;"Вход";"2024-12-15 10:48:08"
24525604;"Вход";"2024-12-15 10:48:17"
24525606;"Вход";"2024-12-15 10:48:19"
24525614;"Вход";"2024-12-15 10:49:08"
24525615;"Вход";"2024-12-15 10:49:09"
24525616;"Выход";"2024-12-15 10:49:42"
24525617;"Выход";"2024-12-15 10:49:44"
24525618;"Вход";"2024-12-15 10:49:56"
24525619;"Вход";"2024-12-15 10:50:07"
24525620;"Вход";"2024-12-15 10:50:08"
24525621;"Вход";"2024-12-15 10:50:21"
24525624;"Выход";"2024-12-15 10:50:25"
24525629;"Вход";"2024-12-15 10:50:26"
24525632;"Вход";"2024-12-15 10:51:32"
24525633;"Вход";"2024-12-15 10:51:33"
24525634;"Вход";"2024-12-15 10:51:40"
24525639;"Выход";"2024-12-15 10:52:58"
24525640;"Выход";"2024-12-15 10:52:59"
24525641;"Выход";"2024-12-15 10:53:00"
24525642;"Вход";"2024-12-15 10:53:19"
24525643;"Вход";"2024-12-15 10:53:28"
24525644;"Выход";"2024-12-15 10:53:34"
24525645;"Выход";"2024-12-15 10:54:05"
24525652;"Выход";"2024-12-15 10:54:22"
24525653;"Выход";"2024-12-15 10:54:35"
24525654;"Выход";"2024-12-15 10:54:35"
24525657;"Выход";"2024-12-15 10:54:37"
24525658;"Выход";"2024-12-15 10:55:21"
24525661;"Вход";"2024-12-15 10:55:25"
24525662;"Выход";"2024-12-15 10:56:50"
24525665;"Выход";"2024-12-15 10:57:05"
24525666;"Вход";"2024-12-15 10:57:06"
24525667;"Вход";"2024-12-15 10:57:54"
24525668;"Вход";"2024-12-15 10:57:55"
24525669;"Вход";"2024-12-15 10:57:56"
24525670;"Выход";"2024-12-15 10:58:04"
24525671;"Выход";"2024-12-15 10:58:08"
24525672;"Выход";"2024-12-15 10:58:38"
24525675;"Выход";"2024-12-15 10:59:14"
24525676;"Вход";"2024-12-15 10:59:27"
24525677;"Вход";"2024-12-15 10:59:29"
24525678;"Вход";"2024-12-15 10:59:45"
24525679;"Выход";"2024-12-15 11:00:37"
24525680;"Вход";"2024-12-15 11:00:46"
24525681;"Вход";"2024-12-15 11:00:46"
24525682;"Вход";"2024-12-15 11:00:47"
24525683;"Вход";"2024-12-15 11:01:13"
24525684;"Вход";"2024-12-15 11:01:15"
24525685;"Вход";"2024-12-15 11:02:07"
24525686;"Вход";"2024-12-15 11:02:09"
24525687;"Вход";"2024-12-15 11:02:10"
24525688;"Выход";"2024-12-15 11:02:11"
24525689;"Вход";"2024-12-15 11:02:34"
24525690;"Вход";"2024-12-15 11:02:47"
24525691;"Вход";"2024-12-15 11:02:48"
24525692;"Вход";"2024-12-15 11:02:59"
24525697;"Вход";"2024-12-15 11:03:53"
24525698;"Вход";"2024-12-15 11:03:54"
24525701;"Выход";"2024-12-15 11:04:10"
24525702;"Вход";"2024-12-15 11:04:28"
24525703;"Вход";"2024-12-15 11:04:30"
24525704;"Выход";"2024-12-15 11:04:33"
24525705;"Выход";"2024-12-15 11:04:37"
24525706;"Вход";"2024-12-15 11:04:45"
24525707;"Выход";"2024-12-15 11:04:54"
24525708;"Выход";"2024-12-15 11:04:54"
24525709;"Выход";"2024-12-15 11:04:55"
24525710;"Выход";"2024-12-15 11:05:10"
24525715;"Вход";"2024-12-15 11:05:42"
24525716;"Вход";"2024-12-15 11:05:43"
24525717;"Вход";"2024-12-15 11:05:45"
24525720;"Вход";"2024-12-15 11:06:13"
24525721;"Вход";"2024-12-15 11:06:40"
24525722;"Выход";"2024-12-15 11:06:41"
24525723;"Вход";"2024-12-15 11:07:08"
24525728;"Выход";"2024-12-15 11:07:35"
24525729;"Выход";"2024-12-15 11:07:36"
24525730;"Выход";"2024-12-15 11:08:04"
24525731;"Вход";"2024-12-15 11:08:33"
24525734;"Выход";"2024-12-15 11:08:48"
24525735;"Выход";"2024-12-15 11:09:00"
24525736;"Выход";"2024-12-15 11:09:04"
24525739;"Выход";"2024-12-15 11:09:26"
24525740;"Вход";"2024-12-15 11:09:39"
24525741;"Вход";"2024-12-15 11:09:40"
24525744;"Выход";"2024-12-15 11:10:12"
24525747;"Выход";"2024-12-15 11:10:37"
24525752;"Выход";"2024-12-15 11:10:39"
24525753;"Выход";"2024-12-15 11:10:40"
24525754;"Выход";"2024-12-15 11:10:41"
24525755;"Выход";"2024-12-15 11:11:09"
24525756;"Выход";"2024-12-15 11:12:06"
24525759;"Выход";"2024-12-15 11:12:47"
24525760;"Выход";"2024-12-15 11:12:49"
24525761;"Выход";"2024-12-15 11:12:58"
24525762;"Вход";"2024-12-15 11:13:16"
24525765;"Выход";"2024-12-15 11:13:17"
24525766;"Вход";"2024-12-15 11:13:37"
24525767;"Выход";"2024-12-15 11:13:53"
24525768;"Выход";"2024-12-15 11:13:54"
24525769;"Вход";"2024-12-15 11:14:00"
24525770;"Вход";"2024-12-15 11:14:01"
24525771;"Выход";"2024-12-15 11:14:05"
24525774;"Вход";"2024-12-15 11:14:47"
24525775;"Вход";"2024-12-15 11:15:02"
24525776;"Вход";"2024-12-15 11:15:44"
24525777;"Вход";"2024-12-15 11:15:45"
24525782;"Вход";"2024-12-15 11:16:29"
24525783;"Вход";"2024-12-15 11:16:30"
24525784;"Вход";"2024-12-15 11:16:31"
24525785;"Вход";"2024-12-15 11:16:36"
24525786;"Выход";"2024-12-15 11:16:48"
24525787;"Вход";"2024-12-15 11:16:52"
24525790;"Вход";"2024-12-15 11:17:07"
24525791;"Вход";"2024-12-15 11:17:23"
24525792;"Вход";"2024-12-15 11:17:33"
24525793;"Вход";"2024-12-15 11:17:33"
24525794;"Вход";"2024-12-15 11:17:34"
24525795;"Вход";"2024-12-15 11:17:35"
24525796;"Выход";"2024-12-15 11:17:38"
24525797;"Выход";"2024-12-15 11:17:39"
24525798;"Выход";"2024-12-15 11:17:41"
24525799;"Выход";"2024-12-15 11:17:42"
24525804;"Выход";"2024-12-15 11:17:57"
24525805;"Выход";"2024-12-15 11:18:03"
24525806;"Вход";"2024-12-15 11:18:05"
24525807;"Выход";"2024-12-15 11:18:09"
24525812;"Выход";"2024-12-15 11:18:35"
24525813;"Выход";"2024-12-15 11:18:40"
24525814;"Вход";"2024-12-15 11:18:42"
24525815;"Вход";"2024-12-15 11:18:43"
24525818;"Вход";"2024-12-15 11:18:47"
24525821;"Выход";"2024-12-15 11:18:50"
24525830;"Выход";"2024-12-15 11:19:32"
24525835;"Выход";"2024-12-15 11:20:10"
24525836;"Вход";"2024-12-15 11:20:11"
24525837;"Вход";"2024-12-15 11:20:13"
24525838;"Вход";"2024-12-15 11:20:13"
24525839;"Вход";"2024-12-15 11:20:26"
24525840;"Вход";"2024-12-15 11:20:28"
24525843;"Выход";"2024-12-15 11:20:55"
24525844;"Выход";"2024-12-15 11:20:57"
24525845;"Вход";"2024-12-15 11:21:27"
24525846;"Вход";"2024-12-15 11:21:54"
24525847;"Вход";"2024-12-15 11:21:59"
24525848;"Вход";"2024-12-15 11:22:00"
24525851;"Вход";"2024-12-15 11:22:17"
24525852;"Вход";"2024-12-15 11:22:26"
24525853;"Вход";"2024-12-15 11:22:36"
24525854;"Вход";"2024-12-15 11:22:42"
24525855;"Вход";"2024-12-15 11:22:43"
24525856;"Выход";"2024-12-15 11:22:46"
24525857;"Выход";"2024-12-15 11:22:47"
24525860;"Вход";"2024-12-15 11:22:52"
24525861;"Выход";"2024-12-15 11:22:57"
24525862;"Вход";"2024-12-15 11:23:02"
24525863;"Вход";"2024-12-15 11:23:09"
24525864;"Выход";"2024-12-15 11:23:12"
24525865;"Вход";"2024-12-15 11:23:22"
24525866;"Выход";"2024-12-15 11:23:23"
24525867;"Выход";"2024-12-15 11:23:27"
24525868;"Выход";"2024-12-15 11:23:28"
24525869;"Выход";"2024-12-15 11:23:29"
24525870;"Выход";"2024-12-15 11:23:47"
24525875;"Выход";"2024-12-15 11:23:55"
24525878;"Выход";"2024-12-15 11:24:24"
24525879;"Выход";"2024-12-15 11:24:26"
24525880;"Выход";"2024-12-15 11:24:44"
24525887;"Вход";"2024-12-15 11:26:08"
24525888;"Вход";"2024-12-15 11:26:09"
24525889;"Вход";"2024-12-15 11:26:13"
24525894;"Вход";"2024-12-15 11:26:46"
24525895;"Вход";"2024-12-15 11:27:09"
24525896;"Выход";"2024-12-15 11:27:33"
24525901;"Выход";"2024-12-15 11:27:56"
24525902;"Выход";"2024-12-15 11:27:58"
24525903;"Вход";"2024-12-15 11:28:11"
24525906;"Вход";"2024-12-15 11:28:39"
24525907;"Выход";"2024-12-15 11:28:52"
24525908;"Выход";"2024-12-15 11:29:01"
24525909;"Выход";"2024-12-15 11:29:02"
24525912;"Вход";"2024-12-15 11:29:20"
24525913;"Выход";"2024-12-15 11:29:21"
24525914;"Выход";"2024-12-15 11:29:41"
24525921;"Вход";"2024-12-15 11:30:52"
24525922;"Вход";"2024-12-15 11:31:19"
24525925;"Вход";"2024-12-15 11:31:42"
24525928;"Вход";"2024-12-15 11:32:18"
24525929;"Вход";"2024-12-15 11:32:19"
24525930;"Вход";"2024-12-15 11:32:20"
24525931;"Вход";"2024-12-15 11:32:21"
24525932;"Вход";"2024-12-15 11:32:23"
24525933;"Выход";"2024-12-15 11:32:26"
24525934;"Выход";"2024-12-15 11:33:08"
24525935;"Вход";"2024-12-15 11:33:17"
24525936;"Вход";"2024-12-15 11:33:34"
24525939;"Вход";"2024-12-15 11:33:45"
24525940;"Вход";"2024-12-15 11:33:57"
24525941;"Выход";"2024-12-15 11:34:03"
24525942;"Выход";"2024-12-15 11:34:04"
24525943;"Вход";"2024-12-15 11:34:56"
24525944;"Вход";"2024-12-15 11:36:02"
24525945;"Выход";"2024-12-15 11:36:26"
24525946;"Выход";"2024-12-15 11:36:48"
24525947;"Вход";"2024-12-15 11:36:50"
24525948;"Вход";"2024-12-15 11:36:52"
24525949;"Вход";"2024-12-15 11:36:53"
24525950;"Вход";"2024-12-15 11:37:08"
24525951;"Вход";"2024-12-15 11:38:02"
24525962;"Выход";"2024-12-15 11:39:51"
24525965;"Выход";"2024-12-15 11:39:55"
24525966;"Выход";"2024-12-15 11:40:05"
24525967;"Выход";"2024-12-15 11:40:05"
24525968;"Вход";"2024-12-15 11:40:09"
24525971;"Вход";"2024-12-15 11:40:32"
24525972;"Выход";"2024-12-15 11:40:34"
24525973;"Выход";"2024-12-15 11:40:52"
24525974;"Вход";"2024-12-15 11:40:56"
24525975;"Выход";"2024-12-15 11:41:07"
24525976;"Вход";"2024-12-15 11:41:12"
24525977;"Выход";"2024-12-15 11:41:20"
24525978;"Выход";"2024-12-15 11:41:25"
24525981;"Вход";"2024-12-15 11:41:29"
24525982;"Выход";"2024-12-15 11:42:10"
24525983;"Выход";"2024-12-15 11:42:12"
24525984;"Выход";"2024-12-15 11:42:13"
24525985;"Вход";"2024-12-15 11:42:22"
24525986;"Выход";"2024-12-15 11:42:29"
24525987;"Выход";"2024-12-15 11:42:50"
24525988;"Выход";"2024-12-15 11:42:51"
24525995;"Выход";"2024-12-15 11:43:13"
24526000;"Вход";"2024-12-15 11:43:36"
24526001;"Вход";"2024-12-15 11:43:40"
24526002;"Выход";"2024-12-15 11:43:45"
24526003;"Выход";"2024-12-15 11:44:35"
24526004;"Выход";"2024-12-15 11:44:37"
24526007;"Вход";"2024-12-15 11:44:59"
24526012;"Выход";"2024-12-15 11:45:10"
24526013;"Выход";"2024-12-15 11:45:14"
24526014;"Выход";"2024-12-15 11:45:15"
24526015;"Вход";"2024-12-15 11:45:32"
24526016;"Вход";"2024-12-15 11:45:33"
24526023;"Выход";"2024-12-15 11:45:41"
24526025;"Вход";"2024-12-15 11:45:44"
24526033;"Выход";"2024-12-15 11:47:38"
24526034;"Выход";"2024-12-15 11:47:51"
24526037;"Выход";"2024-12-15 11:47:59"
24526038;"Вход";"2024-12-15 11:48:00"
24526039;"Вход";"2024-12-15 11:48:04"
24526040;"Вход";"2024-12-15 11:48:09"
24526041;"Вход";"2024-12-15 11:48:31"
24526042;"Вход";"2024-12-15 11:48:32"
24526043;"Выход";"2024-12-15 11:48:50"
24526044;"Выход";"2024-12-15 11:48:52"
24526045;"Вход";"2024-12-15 11:48:55"
24526048;"Выход";"2024-12-15 11:49:17"
24526051;"Вход";"2024-12-15 11:50:30"
24526052;"Вход";"2024-12-15 11:50:31"
24526053;"Выход";"2024-12-15 11:50:38"
24526055;"Выход";"2024-12-15 11:50:51"
24526057;"Выход";"2024-12-15 11:51:00"
24526058;"Вход";"2024-12-15 11:51:13"
24526059;"Вход";"2024-12-15 11:51:25"
24526060;"Вход";"2024-12-15 11:51:26"
24526063;"Вход";"2024-12-15 11:51:31"
24526064;"Вход";"2024-12-15 11:51:35"
24526065;"Вход";"2024-12-15 11:51:37"
24526066;"Вход";"2024-12-15 11:51:38"
24526067;"Вход";"2024-12-15 11:51:43"
24526068;"Вход";"2024-12-15 11:51:44"
24526071;"Вход";"2024-12-15 11:51:46"
24526072;"Выход";"2024-12-15 11:51:54"
24526073;"Выход";"2024-12-15 11:51:55"
24526074;"Выход";"2024-12-15 11:51:57"
24526075;"Выход";"2024-12-15 11:52:22"
24526076;"Выход";"2024-12-15 11:52:24"
24526077;"Выход";"2024-12-15 11:52:35"
24526078;"Выход";"2024-12-15 11:52:36"
24526085;"Вход";"2024-12-15 11:52:47"
24526086;"Вход";"2024-12-15 11:53:01"
24526089;"Вход";"2024-12-15 11:53:22"
24526094;"Вход";"2024-12-15 11:53:42"
24526095;"Выход";"2024-12-15 11:53:46"
24526098;"Вход";"2024-12-15 11:54:11"
24526099;"Вход";"2024-12-15 11:54:16"
24526100;"Выход";"2024-12-15 11:54:17"
24526101;"Вход";"2024-12-15 11:54:18"
24526102;"Вход";"2024-12-15 11:54:27"
24526103;"Вход";"2024-12-15 11:54:29"
24526104;"Выход";"2024-12-15 11:55:46"
24526105;"Выход";"2024-12-15 11:56:08"
24526106;"Выход";"2024-12-15 11:56:24"
24526107;"Выход";"2024-12-15 11:56:26"
24526108;"Выход";"2024-12-15 11:57:22"
24526109;"Вход";"2024-12-15 11:57:47"
24526110;"Выход";"2024-12-15 11:58:13"
24526111;"Выход";"2024-12-15 11:58:13"
24526112;"Выход";"2024-12-15 11:58:45"
24526113;"Выход";"2024-12-15 11:58:46"
24526114;"Выход";"2024-12-15 11:59:00"
24526115;"Выход";"2024-12-15 11:59:53"
24526116;"Выход";"2024-12-15 12:00:10"
24526119;"Вход";"2024-12-15 12:00:16"
24526120;"Вход";"2024-12-15 12:00:45"
24526123;"Вход";"2024-12-15 12:00:55"
24526124;"Вход";"2024-12-15 12:00:57"
24526125;"Выход";"2024-12-15 12:01:23"
24526126;"Выход";"2024-12-15 12:01:25"
24526127;"Выход";"2024-12-15 12:01:26"
24526128;"Выход";"2024-12-15 12:01:27"
24526131;"Выход";"2024-12-15 12:02:01"
24526132;"Выход";"2024-12-15 12:02:02"
24526133;"Выход";"2024-12-15 12:02:05"
24526134;"Выход";"2024-12-15 12:02:06"
24526135;"Выход";"2024-12-15 12:02:55"
24526136;"Выход";"2024-12-15 12:03:02"
24526137;"Выход";"2024-12-15 12:03:05"
24526140;"Выход";"2024-12-15 12:03:18"
24526141;"Вход";"2024-12-15 12:03:44"
24526142;"Вход";"2024-12-15 12:04:01"
24526143;"Вход";"2024-12-15 12:04:02"
24526144;"Вход";"2024-12-15 12:04:45"
24526145;"Выход";"2024-12-15 12:04:51"
24526146;"Вход";"2024-12-15 12:05:00"
24526149;"Вход";"2024-12-15 12:05:01"
24526150;"Вход";"2024-12-15 12:05:01"
24526151;"Выход";"2024-12-15 12:05:02"
24526154;"Выход";"2024-12-15 12:05:09"
24526155;"Вход";"2024-12-15 12:05:09"
24526158;"Выход";"2024-12-15 12:05:11"
24526159;"Выход";"2024-12-15 12:05:14"
24526160;"Выход";"2024-12-15 12:05:14"
24526161;"Вход";"2024-12-15 12:05:35"
24526162;"Выход";"2024-12-15 12:05:37"
24526163;"Вход";"2024-12-15 12:05:37"
24526164;"Вход";"2024-12-15 12:05:39"
24526165;"Вход";"2024-12-15 12:05:40"
24526174;"Вход";"2024-12-15 12:06:02"
24526175;"Вход";"2024-12-15 12:06:03"
24526176;"Вход";"2024-12-15 12:06:19"
24526177;"Вход";"2024-12-15 12:06:20"
24526178;"Вход";"2024-12-15 12:06:47"
24526179;"Вход";"2024-12-15 12:06:48"
24526184;"Выход";"2024-12-15 12:07:09"
24526185;"Выход";"2024-12-15 12:07:10"
24526188;"Выход";"2024-12-15 12:07:52"
24526189;"Выход";"2024-12-15 12:07:53"
24526190;"Выход";"2024-12-15 12:07:56"
24526191;"Выход";"2024-12-15 12:08:12"
24526192;"Вход";"2024-12-15 12:08:22"
24526193;"Вход";"2024-12-15 12:08:33"
24526194;"Выход";"2024-12-15 12:08:38"
24526195;"Выход";"2024-12-15 12:08:39"
24526200;"Выход";"2024-12-15 12:09:23"
24526201;"Выход";"2024-12-15 12:10:01"
24526202;"Вход";"2024-12-15 12:10:20"
24526203;"Вход";"2024-12-15 12:10:21"
24526208;"Выход";"2024-12-15 12:11:03"
24526209;"Вход";"2024-12-15 12:11:16"
24526210;"Выход";"2024-12-15 12:11:18"
24526211;"Вход";"2024-12-15 12:11:30"
24526214;"Вход";"2024-12-15 12:11:31"
24526215;"Выход";"2024-12-15 12:11:32"
24526216;"Вход";"2024-12-15 12:12:15"
24526219;"Вход";"2024-12-15 12:12:32"
24526224;"Выход";"2024-12-15 12:13:24"
24526225;"Выход";"2024-12-15 12:13:25"
24526226;"Выход";"2024-12-15 12:13:31"
24526227;"Вход";"2024-12-15 12:14:15"
24526232;"Выход";"2024-12-15 12:14:32"
24526233;"Выход";"2024-12-15 12:14:37"
24526234;"Вход";"2024-12-15 12:15:31"
24526235;"Вход";"2024-12-15 12:15:32"
24526236;"Вход";"2024-12-15 12:15:38"
24526237;"Выход";"2024-12-15 12:15:42"
24526246;"Вход";"2024-12-15 12:16:53"
24526247;"Вход";"2024-12-15 12:16:59"
24526248;"Выход";"2024-12-15 12:17:13"
24526249;"Вход";"2024-12-15 12:17:26"
24526250;"Вход";"2024-12-15 12:17:27"
24526253;"Вход";"2024-12-15 12:17:42"
24526257;"Выход";"2024-12-15 12:18:38"
24526261;"Вход";"2024-12-15 12:18:54"
24526262;"Выход";"2024-12-15 12:18:54"
24526263;"Выход";"2024-12-15 12:18:57"
24526264;"Выход";"2024-12-15 12:18:58"
24526267;"Вход";"2024-12-15 12:19:11"
24526268;"Вход";"2024-12-15 12:19:13"
24526269;"Вход";"2024-12-15 12:19:14"
24526270;"Вход";"2024-12-15 12:19:17"
24526271;"Вход";"2024-12-15 12:19:18"
24526272;"Вход";"2024-12-15 12:19:20"
24526273;"Вход";"2024-12-15 12:19:21"
24526274;"Выход";"2024-12-15 12:19:44"
24526275;"Вход";"2024-12-15 12:20:02"
24526276;"Вход";"2024-12-15 12:20:20"
24526277;"Вход";"2024-12-15 12:20:21"
24526278;"Вход";"2024-12-15 12:20:23"
24526279;"Вход";"2024-12-15 12:21:15"
24526280;"Выход";"2024-12-15 12:21:20"
24526281;"Выход";"2024-12-15 12:21:48"
24526282;"Выход";"2024-12-15 12:22:51"
24526283;"Выход";"2024-12-15 12:22:59"
24526284;"Вход";"2024-12-15 12:22:59"
24526285;"Выход";"2024-12-15 12:23:33"
24526286;"Вход";"2024-12-15 12:23:55"
24526291;"Выход";"2024-12-15 12:24:11"
24526292;"Вход";"2024-12-15 12:24:33"
24526294;"Вход";"2024-12-15 12:24:43"
24526295;"Выход";"2024-12-15 12:25:02"
24526297;"Выход";"2024-12-15 12:25:02"
24526298;"Вход";"2024-12-15 12:25:08"
24526299;"Вход";"2024-12-15 12:25:09"
24526300;"Вход";"2024-12-15 12:25:32"
24526301;"Вход";"2024-12-15 12:25:41"
24526304;"Выход";"2024-12-15 12:26:14"
24526305;"Вход";"2024-12-15 12:26:49"
24526306;"Вход";"2024-12-15 12:26:50"
24526311;"Выход";"2024-12-15 12:26:53"
24526316;"Вход";"2024-12-15 12:27:12"
24526327;"Выход";"2024-12-15 12:27:36"
24526328;"Выход";"2024-12-15 12:27:38"
24526329;"Вход";"2024-12-15 12:28:10"
24526330;"Вход";"2024-12-15 12:28:17"
24526331;"Выход";"2024-12-15 12:28:22"
24526332;"Выход";"2024-12-15 12:28:23"
24526333;"Выход";"2024-12-15 12:28:24"
24526334;"Выход";"2024-12-15 12:28:44"
24526335;"Выход";"2024-12-15 12:28:46"
24526336;"Выход";"2024-12-15 12:29:28"
24526337;"Выход";"2024-12-15 12:29:50"
24526342;"Вход";"2024-12-15 12:30:21"
24526345;"Выход";"2024-12-15 12:30:30"
24526346;"Вход";"2024-12-15 12:30:45"
24526347;"Выход";"2024-12-15 12:31:21"
24526348;"Вход";"2024-12-15 12:32:14"
24526349;"Вход";"2024-12-15 12:32:28"
24526356;"Вход";"2024-12-15 12:32:30"
24526359;"Выход";"2024-12-15 12:33:05"
24526362;"Выход";"2024-12-15 12:33:22"
24526369;"Вход";"2024-12-15 12:33:43"
24526370;"Выход";"2024-12-15 12:34:30"
24526371;"Выход";"2024-12-15 12:34:31"
24526376;"Вход";"2024-12-15 12:36:16"
24526381;"Выход";"2024-12-15 12:37:05"
24526382;"Вход";"2024-12-15 12:37:12"
24526385;"Выход";"2024-12-15 12:37:42"
24526390;"Выход";"2024-12-15 12:37:53"
24526391;"Выход";"2024-12-15 12:38:02"
24526392;"Вход";"2024-12-15 12:38:36"
24526393;"Вход";"2024-12-15 12:38:36"
24526394;"Вход";"2024-12-15 12:38:40"
24526395;"Выход";"2024-12-15 12:39:23"
24526396;"Выход";"2024-12-15 12:39:50"
24526397;"Вход";"2024-12-15 12:40:01"
24526398;"Выход";"2024-12-15 12:40:10"
24526399;"Вход";"2024-12-15 12:40:32"
24526402;"Выход";"2024-12-15 12:41:06"
24526405;"Вход";"2024-12-15 12:41:46"
24526408;"Вход";"2024-12-15 12:42:19"
24526411;"Вход";"2024-12-15 12:43:19"
24526412;"Выход";"2024-12-15 12:43:38"
24526413;"Вход";"2024-12-15 12:43:48"
24526418;"Вход";"2024-12-15 12:43:50"
24526419;"Выход";"2024-12-15 12:44:50"
24526424;"Выход";"2024-12-15 12:44:56"
24526425;"Вход";"2024-12-15 12:45:13"
24526426;"Вход";"2024-12-15 12:45:22"
24526427;"Выход";"2024-12-15 12:45:32"
24526428;"Вход";"2024-12-15 12:45:50"
24526429;"Вход";"2024-12-15 12:46:02"
24526430;"Вход";"2024-12-15 12:46:13"
24526431;"Вход";"2024-12-15 12:46:26"
24526432;"Вход";"2024-12-15 12:46:28"
24526433;"Вход";"2024-12-15 12:46:29"
24526434;"Выход";"2024-12-15 12:46:34"
24526439;"Выход";"2024-12-15 12:47:19"
24526444;"Вход";"2024-12-15 12:47:33"
24526445;"Выход";"2024-12-15 12:48:10"
24526446;"Выход";"2024-12-15 12:48:12"
24526447;"Выход";"2024-12-15 12:48:18"
24526448;"Вход";"2024-12-15 12:48:50"
24526449;"Вход";"2024-12-15 12:48:52"
24526454;"Выход";"2024-12-15 12:49:40"
24526455;"Вход";"2024-12-15 12:50:02"
24526456;"Вход";"2024-12-15 12:50:14"
24526457;"Вход";"2024-12-15 12:50:15"
24526458;"Вход";"2024-12-15 12:50:24"
24526459;"Вход";"2024-12-15 12:50:30"
24526460;"Выход";"2024-12-15 12:52:06"
24526461;"Вход";"2024-12-15 12:52:11"
24526462;"Выход";"2024-12-15 12:52:17"
24526467;"Вход";"2024-12-15 12:53:45"
24526468;"Выход";"2024-12-15 12:54:51"
24526469;"Выход";"2024-12-15 12:54:55"
24526470;"Выход";"2024-12-15 12:55:09"
24526471;"Выход";"2024-12-15 12:55:42"
24526472;"Выход";"2024-12-15 12:55:44"
24526473;"Выход";"2024-12-15 12:55:46"
24526474;"Выход";"2024-12-15 12:55:48"
24526483;"Вход";"2024-12-15 12:56:31"
24526484;"Вход";"2024-12-15 12:56:32"
24526487;"Выход";"2024-12-15 12:56:39"
24526488;"Выход";"2024-12-15 12:56:39"
24526489;"Вход";"2024-12-15 12:57:13"
24526490;"Вход";"2024-12-15 12:57:37"
24526491;"Вход";"2024-12-15 12:58:12"
24526496;"Вход";"2024-12-15 12:59:05"
24526501;"Вход";"2024-12-15 12:59:35"
24526504;"Выход";"2024-12-15 13:00:19"
24526507;"Выход";"2024-12-15 13:00:37"
24526510;"Вход";"2024-12-15 13:01:24"
24526511;"Вход";"2024-12-15 13:01:59"
24526512;"Вход";"2024-12-15 13:02:21"
24526515;"Выход";"2024-12-15 13:03:12"
24526516;"Выход";"2024-12-15 13:03:14"
24526517;"Выход";"2024-12-15 13:03:23"
24526518;"Вход";"2024-12-15 13:03:23"
24526520;"Вход";"2024-12-15 13:03:36"
24526522;"Вход";"2024-12-15 13:03:55"
24526525;"Вход";"2024-12-15 13:04:14"
24526526;"Вход";"2024-12-15 13:04:16"
24526527;"Вход";"2024-12-15 13:04:18"
24526528;"Выход";"2024-12-15 13:04:30"
24526529;"Вход";"2024-12-15 13:04:34"
24526530;"Вход";"2024-12-15 13:04:42"
24526531;"Вход";"2024-12-15 13:05:08"
24526532;"Вход";"2024-12-15 13:05:10"
24526533;"Выход";"2024-12-15 13:05:12"
24526536;"Вход";"2024-12-15 13:05:32"
24526537;"Вход";"2024-12-15 13:05:33"
24526538;"Выход";"2024-12-15 13:05:45"
24526539;"Вход";"2024-12-15 13:05:58"
24526542;"Выход";"2024-12-15 13:06:04"
24526543;"Вход";"2024-12-15 13:06:12"
24526544;"Выход";"2024-12-15 13:06:27"
24526545;"Вход";"2024-12-15 13:06:47"
24526546;"Выход";"2024-12-15 13:06:48"
24526547;"Выход";"2024-12-15 13:07:01"
24526548;"Выход";"2024-12-15 13:07:02"
24526549;"Вход";"2024-12-15 13:07:06"
24526550;"Выход";"2024-12-15 13:07:23"
24526551;"Вход";"2024-12-15 13:07:30"
24526552;"Вход";"2024-12-15 13:07:41"
24526555;"Вход";"2024-12-15 13:07:45"
24526558;"Вход";"2024-12-15 13:07:47"
24526561;"Вход";"2024-12-15 13:08:36"
24526562;"Выход";"2024-12-15 13:08:38"
24526563;"Вход";"2024-12-15 13:09:15"
24526564;"Вход";"2024-12-15 13:09:15"
24526565;"Вход";"2024-12-15 13:09:17"
24526566;"Выход";"2024-12-15 13:09:18"
24526567;"Вход";"2024-12-15 13:09:19"
24526569;"Вход";"2024-12-15 13:09:25"
24526571;"Вход";"2024-12-15 13:09:39"
24526572;"Вход";"2024-12-15 13:10:05"
24526573;"Выход";"2024-12-15 13:10:14"
24526574;"Вход";"2024-12-15 13:10:35"
24526579;"Выход";"2024-12-15 13:11:53"
24526582;"Вход";"2024-12-15 13:12:18"
24526583;"Вход";"2024-12-15 13:12:30"
24526586;"Вход";"2024-12-15 13:12:42"
24526591;"Вход";"2024-12-15 13:12:47"
24526592;"Вход";"2024-12-15 13:12:49"
24526593;"Вход";"2024-12-15 13:12:57"
24526594;"Вход";"2024-12-15 13:12:58"
24526599;"Выход";"2024-12-15 13:13:28"
24526600;"Выход";"2024-12-15 13:13:33"
24526601;"Выход";"2024-12-15 13:13:33"
24526602;"Выход";"2024-12-15 13:13:40"
24526603;"Вход";"2024-12-15 13:13:48"
24526604;"Вход";"2024-12-15 13:13:59"
24526608;"Выход";"2024-12-15 13:14:11"
24526614;"Вход";"2024-12-15 13:14:37"
24526615;"Выход";"2024-12-15 13:14:43"
24526616;"Вход";"2024-12-15 13:14:54"
24526617;"Вход";"2024-12-15 13:14:55"
24526618;"Вход";"2024-12-15 13:14:56"
24526619;"Вход";"2024-12-15 13:14:57"
24526620;"Вход";"2024-12-15 13:14:59"
24526623;"Выход";"2024-12-15 13:15:09"
24526624;"Выход";"2024-12-15 13:15:10"
24526625;"Выход";"2024-12-15 13:15:12"
24526632;"Выход";"2024-12-15 13:15:22"
24526633;"Вход";"2024-12-15 13:15:37"
24526634;"Выход";"2024-12-15 13:16:08"
24526635;"Выход";"2024-12-15 13:16:11"
24526638;"Выход";"2024-12-15 13:16:37"
24526639;"Вход";"2024-12-15 13:16:53"
24526640;"Выход";"2024-12-15 13:16:56"
24526641;"Вход";"2024-12-15 13:17:00"
24526642;"Вход";"2024-12-15 13:17:01"
24526643;"Вход";"2024-12-15 13:17:04"
24526645;"Выход";"2024-12-15 13:17:31"
24526646;"Выход";"2024-12-15 13:17:32"
24526647;"Выход";"2024-12-15 13:17:45"
24526651;"Вход";"2024-12-15 13:18:01"
24526652;"Выход";"2024-12-15 13:18:05"
24526653;"Выход";"2024-12-15 13:18:57"
24526658;"Выход";"2024-12-15 13:19:03"
24526661;"Выход";"2024-12-15 13:19:30"
24526662;"Вход";"2024-12-15 13:20:18"
24526663;"Вход";"2024-12-15 13:20:19"
24526664;"Выход";"2024-12-15 13:20:36"
24526665;"Выход";"2024-12-15 13:20:39"
24526666;"Выход";"2024-12-15 13:21:14"
24526670;"Выход";"2024-12-15 13:22:03"
24526672;"Выход";"2024-12-15 13:22:15"
24526673;"Выход";"2024-12-15 13:22:17"
24526678;"Вход";"2024-12-15 13:22:41"
24526679;"Выход";"2024-12-15 13:22:49"
24526680;"Вход";"2024-12-15 13:22:55"
24526681;"Выход";"2024-12-15 13:23:36"
24526682;"Выход";"2024-12-15 13:23:48"
24526683;"Вход";"2024-12-15 13:24:16"
24526686;"Вход";"2024-12-15 13:24:33"
24526687;"Вход";"2024-12-15 13:24:45"
24526690;"Вход";"2024-12-15 13:25:22"
24526691;"Вход";"2024-12-15 13:25:25"
24526692;"Выход";"2024-12-15 13:25:27"
24526693;"Выход";"2024-12-15 13:25:28"
24526694;"Вход";"2024-12-15 13:25:45"
24526695;"Вход";"2024-12-15 13:25:46"
24526696;"Выход";"2024-12-15 13:26:08"
24526699;"Выход";"2024-12-15 13:26:48"
24526700;"Выход";"2024-12-15 13:26:57"
24526703;"Выход";"2024-12-15 13:27:10"
24526704;"Вход";"2024-12-15 13:27:26"
24526711;"Вход";"2024-12-15 13:29:27"
24526714;"Вход";"2024-12-15 13:29:31"
24526715;"Вход";"2024-12-15 13:29:37"
24526716;"Вход";"2024-12-15 13:29:38"
24526717;"Вход";"2024-12-15 13:29:39"
24526718;"Вход";"2024-12-15 13:29:39"
24526719;"Вход";"2024-12-15 13:29:41"
24526720;"Выход";"2024-12-15 13:29:46"
24526723;"Выход";"2024-12-15 13:29:53"
24526726;"Выход";"2024-12-15 13:30:00"
24526729;"Вход";"2024-12-15 13:30:55"
24526730;"Вход";"2024-12-15 13:31:02"
24526731;"Вход";"2024-12-15 13:31:12"
24526735;"Вход";"2024-12-15 13:31:21"
24526737;"Вход";"2024-12-15 13:32:00"
24526738;"Выход";"2024-12-15 13:32:23"
24526739;"Выход";"2024-12-15 13:32:25"
24526740;"Выход";"2024-12-15 13:32:27"
24526741;"Выход";"2024-12-15 13:32:43"
24526742;"Вход";"2024-12-15 13:32:46"
24526743;"Вход";"2024-12-15 13:32:48"
24526744;"Выход";"2024-12-15 13:32:49"
24526745;"Вход";"2024-12-15 13:33:22"
24526746;"Выход";"2024-12-15 13:33:28"
24526749;"Вход";"2024-12-15 13:34:30"
24526750;"Выход";"2024-12-15 13:34:47"
24526751;"Выход";"2024-12-15 13:35:04"
24526752;"Выход";"2024-12-15 13:35:06"
24526753;"Вход";"2024-12-15 13:35:16"
24526754;"Вход";"2024-12-15 13:35:27"
24526757;"Вход";"2024-12-15 13:36:22"
24526758;"Вход";"2024-12-15 13:36:30"
24526759;"Вход";"2024-12-15 13:37:11"
24526764;"Вход";"2024-12-15 13:37:43"
24526765;"Вход";"2024-12-15 13:37:53"
24526766;"Вход";"2024-12-15 13:37:54"
24526767;"Вход";"2024-12-15 13:37:55"
24526768;"Вход";"2024-12-15 13:37:59"
24526769;"Вход";"2024-12-15 13:37:59"
24526774;"Выход";"2024-12-15 13:38:20"
24526781;"Вход";"2024-12-15 13:38:38"
24526782;"Вход";"2024-12-15 13:38:40"
24526787;"Выход";"2024-12-15 13:39:28"
24526788;"Вход";"2024-12-15 13:39:30"
24526789;"Выход";"2024-12-15 13:39:31"
24526790;"Выход";"2024-12-15 13:39:42"
24526791;"Вход";"2024-12-15 13:40:00"
24526792;"Вход";"2024-12-15 13:40:24"
24526793;"Выход";"2024-12-15 13:40:27"
24526794;"Выход";"2024-12-15 13:40:29"
24526795;"Выход";"2024-12-15 13:40:30"
24526796;"Вход";"2024-12-15 13:41:10"
24526801;"Вход";"2024-12-15 13:42:35"
24526802;"Вход";"2024-12-15 13:42:59"
24526803;"Выход";"2024-12-15 13:44:04"
24526804;"Выход";"2024-12-15 13:44:06"
24526805;"Вход";"2024-12-15 13:44:12"
24526806;"Выход";"2024-12-15 13:44:55"
24526807;"Выход";"2024-12-15 13:45:04"
24526808;"Вход";"2024-12-15 13:45:08"
24526809;"Выход";"2024-12-15 13:45:23"
24526810;"Выход";"2024-12-15 13:46:01"
24526811;"Вход";"2024-12-15 13:46:07"
24526812;"Вход";"2024-12-15 13:46:28"
24526813;"Вход";"2024-12-15 13:46:29"
24526814;"Выход";"2024-12-15 13:46:39"
24526815;"Выход";"2024-12-15 13:46:43"
24526816;"Выход";"2024-12-15 13:46:56"
24526817;"Выход";"2024-12-15 13:47:46"
24526818;"Выход";"2024-12-15 13:47:54"
24526819;"Вход";"2024-12-15 13:47:54"
24526820;"Выход";"2024-12-15 13:47:56"
24526821;"Выход";"2024-12-15 13:48:00"
24526822;"Вход";"2024-12-15 13:48:10"
24526823;"Выход";"2024-12-15 13:49:31"
24526824;"Вход";"2024-12-15 13:49:33"
24526825;"Вход";"2024-12-15 13:49:50"
24526826;"Вход";"2024-12-15 13:50:01"
24526827;"Вход";"2024-12-15 13:50:03"
24526828;"Вход";"2024-12-15 13:50:19"
24526829;"Вход";"2024-12-15 13:50:44"
24526830;"Выход";"2024-12-15 13:51:09"
24526831;"Вход";"2024-12-15 13:51:10"
24526832;"Выход";"2024-12-15 13:51:11"
24526833;"Вход";"2024-12-15 13:51:22"
24526834;"Вход";"2024-12-15 13:51:23"
24526835;"Вход";"2024-12-15 13:51:28"
24526836;"Вход";"2024-12-15 13:51:37"
24526837;"Вход";"2024-12-15 13:51:38"
24526838;"Выход";"2024-12-15 13:52:11"
24526839;"Выход";"2024-12-15 13:52:26"
24526840;"Выход";"2024-12-15 13:52:38"
24526841;"Вход";"2024-12-15 13:52:47"
24526842;"Выход";"2024-12-15 13:52:53"
24526843;"Выход";"2024-12-15 13:53:05"
24526844;"Выход";"2024-12-15 13:53:06"
24526845;"Выход";"2024-12-15 13:53:09"
24526846;"Выход";"2024-12-15 13:53:09"
24526847;"Выход";"2024-12-15 13:53:23"
24526850;"Вход";"2024-12-15 13:54:38"
24526853;"Выход";"2024-12-15 13:55:29"
24526854;"Вход";"2024-12-15 13:55:57"
24526855;"Выход";"2024-12-15 13:56:16"
24526856;"Выход";"2024-12-15 13:56:17"
24526857;"Выход";"2024-12-15 13:56:18"
24526858;"Выход";"2024-12-15 13:56:26"
24526861;"Вход";"2024-12-15 13:56:51"
24526862;"Вход";"2024-12-15 13:56:53"
24526863;"Вход";"2024-12-15 13:56:55"
24526864;"Выход";"2024-12-15 13:57:01"
24526865;"Вход";"2024-12-15 13:57:06"
24526874;"Вход";"2024-12-15 13:57:34"
24526877;"Выход";"2024-12-15 13:57:46"
24526878;"Вход";"2024-12-15 13:57:46"
24526881;"Вход";"2024-12-15 13:58:22"
24526882;"Вход";"2024-12-15 13:58:31"
24526883;"Вход";"2024-12-15 13:58:32"
24526888;"Выход";"2024-12-15 13:58:44"
24526895;"Выход";"2024-12-15 13:58:53"
24526896;"Выход";"2024-12-15 13:58:59"
24526897;"Выход";"2024-12-15 13:59:28"
24526898;"Вход";"2024-12-15 14:00:03"
24526899;"Вход";"2024-12-15 14:00:27"
24526900;"Вход";"2024-12-15 14:00:43"
24526901;"Вход";"2024-12-15 14:00:44"
24526902;"Вход";"2024-12-15 14:00:45"
24526903;"Выход";"2024-12-15 14:01:12"
24526904;"Вход";"2024-12-15 14:01:42"
24526907;"Выход";"2024-12-15 14:03:00"
24526908;"Выход";"2024-12-15 14:03:06"
24526909;"Вход";"2024-12-15 14:03:13"
24526910;"Выход";"2024-12-15 14:03:20"
24526911;"Вход";"2024-12-15 14:03:22"
24526914;"Выход";"2024-12-15 14:04:15"
24526915;"Выход";"2024-12-15 14:04:16"
24526916;"Выход";"2024-12-15 14:04:17"
24526917;"Вход";"2024-12-15 14:05:13"
24526918;"Вход";"2024-12-15 14:05:31"
24526919;"Выход";"2024-12-15 14:06:05"
24526920;"Выход";"2024-12-15 14:06:13"
24526923;"Вход";"2024-12-15 14:07:01"
24526926;"Вход";"2024-12-15 14:07:11"
24526929;"Выход";"2024-12-15 14:07:27"
24526930;"Выход";"2024-12-15 14:07:53"
24526931;"Выход";"2024-12-15 14:08:06"
24526934;"Выход";"2024-12-15 14:08:22"
24526935;"Выход";"2024-12-15 14:08:58"
24526940;"Выход";"2024-12-15 14:09:03"
24526941;"Выход";"2024-12-15 14:09:08"
24526942;"Выход";"2024-12-15 14:09:10"
24526943;"Выход";"2024-12-15 14:09:18"
24526944;"Выход";"2024-12-15 14:09:19"
24526945;"Выход";"2024-12-15 14:09:30"
24526946;"Выход";"2024-12-15 14:09:31"
24526949;"Выход";"2024-12-15 14:10:40"
24526950;"Вход";"2024-12-15 14:11:00"
24526951;"Вход";"2024-12-15 14:11:05"
24526954;"Выход";"2024-12-15 14:11:14"
24526957;"Вход";"2024-12-15 14:12:00"
24526959;"Вход";"2024-12-15 14:12:18"
24526960;"Выход";"2024-12-15 14:12:21"
24526961;"Выход";"2024-12-15 14:12:26"
24526963;"Выход";"2024-12-15 14:12:33"
24526964;"Вход";"2024-12-15 14:12:47"
24526965;"Выход";"2024-12-15 14:12:48"
24526966;"Выход";"2024-12-15 14:12:49"
24526967;"Выход";"2024-12-15 14:12:51"
24526968;"Выход";"2024-12-15 14:12:54"
24526969;"Выход";"2024-12-15 14:12:57"
24526970;"Выход";"2024-12-15 14:13:01"
24526971;"Выход";"2024-12-15 14:13:17"
24526972;"Вход";"2024-12-15 14:13:38"
24526973;"Вход";"2024-12-15 14:13:39"
24526974;"Вход";"2024-12-15 14:13:40"
24526975;"Вход";"2024-12-15 14:13:41"
24526978;"Вход";"2024-12-15 14:14:09"
24526980;"Вход";"2024-12-15 14:14:21"
24526984;"Вход";"2024-12-15 14:15:21"
24526985;"Выход";"2024-12-15 14:15:32"
24526992;"Выход";"2024-12-15 14:15:47"
24526993;"Вход";"2024-12-15 14:16:05"
24526994;"Вход";"2024-12-15 14:16:06"
24526995;"Вход";"2024-12-15 14:16:27"
24526996;"Вход";"2024-12-15 14:16:28"
24527001;"Выход";"2024-12-15 14:17:17"
24527002;"Выход";"2024-12-15 14:17:19"
24527003;"Вход";"2024-12-15 14:17:35"
24527004;"Вход";"2024-12-15 14:17:50"
24527005;"Вход";"2024-12-15 14:17:52"
24527006;"Вход";"2024-12-15 14:17:53"
24527007;"Вход";"2024-12-15 14:18:35"
24527012;"Выход";"2024-12-15 14:18:52"
24527013;"Вход";"2024-12-15 14:19:01"
24527014;"Вход";"2024-12-15 14:19:02"
24527015;"Вход";"2024-12-15 14:19:38"
24527016;"Вход";"2024-12-15 14:19:52"
24527017;"Вход";"2024-12-15 14:19:57"
24527018;"Вход";"2024-12-15 14:19:58"
24527019;"Выход";"2024-12-15 14:20:15"
24527020;"Выход";"2024-12-15 14:20:18"
24527021;"Выход";"2024-12-15 14:21:03"
24527022;"Выход";"2024-12-15 14:21:10"
24527023;"Выход";"2024-12-15 14:21:16"
24527025;"Выход";"2024-12-15 14:21:18"
24527029;"Вход";"2024-12-15 14:21:22"
24527032;"Вход";"2024-12-15 14:22:08"
24527037;"Вход";"2024-12-15 14:22:33"
24527040;"Выход";"2024-12-15 14:22:42"
24527041;"Выход";"2024-12-15 14:23:10"
24527042;"Вход";"2024-12-15 14:23:41"
24527049;"Вход";"2024-12-15 14:24:47"
24527050;"Выход";"2024-12-15 14:24:48"
24527051;"Вход";"2024-12-15 14:24:49"
24527054;"Выход";"2024-12-15 14:24:58"
24527055;"Вход";"2024-12-15 14:25:42"
24527056;"Вход";"2024-12-15 14:25:43"
24527057;"Вход";"2024-12-15 14:25:45"
24527058;"Вход";"2024-12-15 14:25:46"
24527075;"Выход";"2024-12-15 14:27:04"
24527076;"Вход";"2024-12-15 14:27:22"
24527077;"Выход";"2024-12-15 14:27:31"
24527078;"Выход";"2024-12-15 14:27:39"
24527079;"Выход";"2024-12-15 14:27:48"
24527080;"Вход";"2024-12-15 14:28:11"
24527081;"Вход";"2024-12-15 14:28:37"
24527082;"Вход";"2024-12-15 14:29:07"
24527083;"Выход";"2024-12-15 14:29:13"
24527084;"Вход";"2024-12-15 14:29:23"
24527085;"Вход";"2024-12-15 14:29:51"
24527086;"Вход";"2024-12-15 14:29:51"
24527087;"Вход";"2024-12-15 14:29:52"
24527088;"Вход";"2024-12-15 14:29:53"
24527091;"Выход";"2024-12-15 14:30:40"
24527100;"Вход";"2024-12-15 14:30:55"
24527103;"Выход";"2024-12-15 14:31:03"
24527108;"Вход";"2024-12-15 14:32:18"
24527109;"Вход";"2024-12-15 14:32:20"
24527110;"Вход";"2024-12-15 14:32:21"
24527111;"Вход";"2024-12-15 14:32:22"
24527112;"Выход";"2024-12-15 14:32:31"
24527113;"Выход";"2024-12-15 14:32:47"
24527114;"Вход";"2024-12-15 14:33:00"
24527115;"Выход";"2024-12-15 14:33:05"
24527116;"Выход";"2024-12-15 14:33:06"
24527117;"Выход";"2024-12-15 14:33:07"
24527118;"Вход";"2024-12-15 14:33:47"
24527119;"Выход";"2024-12-15 14:33:53"
24527120;"Выход";"2024-12-15 14:34:08"
24527121;"Вход";"2024-12-15 14:34:17"
24527122;"Выход";"2024-12-15 14:34:17"
24527123;"Выход";"2024-12-15 14:34:30"
24527124;"Выход";"2024-12-15 14:34:51"
24527125;"Вход";"2024-12-15 14:34:55"
24527128;"Вход";"2024-12-15 14:35:21"
24527129;"Выход";"2024-12-15 14:35:36"
24527130;"Выход";"2024-12-15 14:35:37"
24527131;"Вход";"2024-12-15 14:35:53"
24527134;"Выход";"2024-12-15 14:36:25"
24527135;"Вход";"2024-12-15 14:36:45"
24527136;"Вход";"2024-12-15 14:36:57"
24527137;"Вход";"2024-12-15 14:36:58"
24527142;"Вход";"2024-12-15 14:37:48"
24527143;"Выход";"2024-12-15 14:37:56"
24527144;"Вход";"2024-12-15 14:39:33"
24527145;"Выход";"2024-12-15 14:39:57"
24527152;"Выход";"2024-12-15 14:40:11"
24527153;"Вход";"2024-12-15 14:40:12"
24527158;"Выход";"2024-12-15 14:40:26"
24527159;"Вход";"2024-12-15 14:40:45"
24527160;"Вход";"2024-12-15 14:40:49"
24527161;"Вход";"2024-12-15 14:40:50"
24527162;"Вход";"2024-12-15 14:41:03"
24527163;"Вход";"2024-12-15 14:41:26"
24527164;"Вход";"2024-12-15 14:41:45"
24527165;"Вход";"2024-12-15 14:41:48"
24527168;"Вход";"2024-12-15 14:43:31"
24527169;"Вход";"2024-12-15 14:43:32"
24527170;"Вход";"2024-12-15 14:43:33"
24527171;"Вход";"2024-12-15 14:43:34"
24527172;"Вход";"2024-12-15 14:43:35"
24527175;"Вход";"2024-12-15 14:43:45"
24527176;"Вход";"2024-12-15 14:43:51"
24527181;"Выход";"2024-12-15 14:45:27"
24527184;"Выход";"2024-12-15 14:45:45"
24527185;"Выход";"2024-12-15 14:45:50"
24527186;"Вход";"2024-12-15 14:46:24"
24527187;"Вход";"2024-12-15 14:46:25"
24527188;"Вход";"2024-12-15 14:46:37"
24527189;"Вход";"2024-12-15 14:46:38"
24527190;"Вход";"2024-12-15 14:46:39"
24527191;"Выход";"2024-12-15 14:46:40"
24527196;"Выход";"2024-12-15 14:47:39"
24527197;"Вход";"2024-12-15 14:47:41"
24527198;"Вход";"2024-12-15 14:47:54"
24527199;"Выход";"2024-12-15 14:48:03"
24527200;"Выход";"2024-12-15 14:48:08"
24527201;"Выход";"2024-12-15 14:48:10"
24527206;"Выход";"2024-12-15 14:48:35"
24527207;"Выход";"2024-12-15 14:48:52"
24527208;"Вход";"2024-12-15 14:49:03"
24527211;"Выход";"2024-12-15 14:49:12"
24527212;"Выход";"2024-12-15 14:49:15"
24527213;"Вход";"2024-12-15 14:49:16"
24527216;"Вход";"2024-12-15 14:50:17"
24527217;"Вход";"2024-12-15 14:50:17"
24527218;"Вход";"2024-12-15 14:50:19"
24527221;"Вход";"2024-12-15 14:51:21"
24527222;"Выход";"2024-12-15 14:51:31"
24527223;"Выход";"2024-12-15 14:51:32"
24527224;"Вход";"2024-12-15 14:51:47"
24527225;"Выход";"2024-12-15 14:52:14"
24527228;"Выход";"2024-12-15 14:52:26"
24527229;"Выход";"2024-12-15 14:52:58"
24527230;"Вход";"2024-12-15 14:53:01"
24527231;"Вход";"2024-12-15 14:53:22"
24527233;"Вход";"2024-12-15 14:53:30"
24527235;"Вход";"2024-12-15 14:53:32"
24527236;"Вход";"2024-12-15 14:53:33"
24527237;"Вход";"2024-12-15 14:53:37"
24527238;"Вход";"2024-12-15 14:53:39"
24527239;"Вход";"2024-12-15 14:53:57"
24527240;"Вход";"2024-12-15 14:54:09"
24527241;"Вход";"2024-12-15 14:54:50"
24527248;"Вход";"2024-12-15 14:56:27"
24527249;"Выход";"2024-12-15 14:56:43"
24527250;"Выход";"2024-12-15 14:56:52"
24527251;"Выход";"2024-12-15 14:57:12"
24527254;"Вход";"2024-12-15 14:57:17"
24527255;"Выход";"2024-12-15 14:57:49"
24527258;"Выход";"2024-12-15 14:57:50"
24527259;"Выход";"2024-12-15 14:58:17"
24527260;"Вход";"2024-12-15 14:58:28"
24527263;"Вход";"2024-12-15 14:59:03"
24527264;"Вход";"2024-12-15 14:59:04"
24527265;"Вход";"2024-12-15 14:59:41"
24527266;"Выход";"2024-12-15 15:00:44"
24527267;"Вход";"2024-12-15 15:01:09"
24527268;"Вход";"2024-12-15 15:01:11"
24527269;"Вход";"2024-12-15 15:02:15"
24527270;"Вход";"2024-12-15 15:02:16"
24527271;"Вход";"2024-12-15 15:02:29"
24527272;"Выход";"2024-12-15 15:03:02"
24527273;"Выход";"2024-12-15 15:03:09"
24527274;"Выход";"2024-12-15 15:03:33"
24527275;"Выход";"2024-12-15 15:03:34"
24527276;"Вход";"2024-12-15 15:03:37"
24527277;"Выход";"2024-12-15 15:03:39"
24527278;"Выход";"2024-12-15 15:03:47"
24527279;"Выход";"2024-12-15 15:03:51"
24527280;"Выход";"2024-12-15 15:03:52"
24527282;"Выход";"2024-12-15 15:04:19"
24527288;"Выход";"2024-12-15 15:05:04"
24527289;"Вход";"2024-12-15 15:05:11"
24527290;"Вход";"2024-12-15 15:05:30"
24527291;"Вход";"2024-12-15 15:05:31"
24527292;"Выход";"2024-12-15 15:05:52"
24527293;"Вход";"2024-12-15 15:06:42"
24527294;"Выход";"2024-12-15 15:07:35"
24527295;"Вход";"2024-12-15 15:08:11"
24527296;"Выход";"2024-12-15 15:09:00"
24527297;"Выход";"2024-12-15 15:09:20"
24527298;"Вход";"2024-12-15 15:10:02"
24527299;"Вход";"2024-12-15 15:10:31"
24527300;"Вход";"2024-12-15 15:10:32"
24527301;"Вход";"2024-12-15 15:10:48"
24527302;"Выход";"2024-12-15 15:10:50"
24527305;"Вход";"2024-12-15 15:11:39"
24527306;"Вход";"2024-12-15 15:11:57"
24527307;"Вход";"2024-12-15 15:11:58"
24527308;"Выход";"2024-12-15 15:12:07"
24527309;"Вход";"2024-12-15 15:12:13"
24527310;"Вход";"2024-12-15 15:12:30"
24527311;"Выход";"2024-12-15 15:12:32"
24527312;"Вход";"2024-12-15 15:12:32"
24527313;"Вход";"2024-12-15 15:12:36"
24527316;"Вход";"2024-12-15 15:12:37"
24527317;"Выход";"2024-12-15 15:13:08"
24527318;"Выход";"2024-12-15 15:14:40"
24527319;"Вход";"2024-12-15 15:15:05"
24527320;"Вход";"2024-12-15 15:15:12"
24527321;"Выход";"2024-12-15 15:15:14"
24527322;"Выход";"2024-12-15 15:15:15"
24527324;"Вход";"2024-12-15 15:15:59"
24527326;"Выход";"2024-12-15 15:16:15"
24527327;"Вход";"2024-12-15 15:16:16"
24527328;"Выход";"2024-12-15 15:16:18"
24527329;"Выход";"2024-12-15 15:16:29"
24527330;"Вход";"2024-12-15 15:16:32"
24527331;"Выход";"2024-12-15 15:16:43"
24527336;"Вход";"2024-12-15 15:17:21"
24527337;"Выход";"2024-12-15 15:17:26"
24527342;"Выход";"2024-12-15 15:19:52"
24527343;"Выход";"2024-12-15 15:20:28"
24527344;"Выход";"2024-12-15 15:20:29"
24527345;"Выход";"2024-12-15 15:20:45"
24527346;"Выход";"2024-12-15 15:20:45"
24527347;"Выход";"2024-12-15 15:21:02"
24527348;"Вход";"2024-12-15 15:21:47"
24527349;"Вход";"2024-12-15 15:21:48"
24527350;"Вход";"2024-12-15 15:21:49"
24527351;"Вход";"2024-12-15 15:21:50"
24527352;"Выход";"2024-12-15 15:23:20"
24527353;"Выход";"2024-12-15 15:23:21"
24527354;"Выход";"2024-12-15 15:23:22"
24527355;"Выход";"2024-12-15 15:23:24"
24527356;"Выход";"2024-12-15 15:23:27"
24527357;"Вход";"2024-12-15 15:23:51"
24527358;"Вход";"2024-12-15 15:23:53"
24527361;"Выход";"2024-12-15 15:24:08"
24527362;"Выход";"2024-12-15 15:24:08"
24527363;"Выход";"2024-12-15 15:24:10"
24527364;"Вход";"2024-12-15 15:24:43"
24527365;"Вход";"2024-12-15 15:24:44"
24527368;"Выход";"2024-12-15 15:25:04"
24527371;"Выход";"2024-12-15 15:25:11"
24527374;"Выход";"2024-12-15 15:25:30"
24527379;"Вход";"2024-12-15 15:26:09"
24527380;"Вход";"2024-12-15 15:26:12"
24527381;"Вход";"2024-12-15 15:26:13"
24527382;"Вход";"2024-12-15 15:26:15"
24527383;"Выход";"2024-12-15 15:26:26"
24527384;"Выход";"2024-12-15 15:27:13"
24527391;"Вход";"2024-12-15 15:28:14"
24527392;"Вход";"2024-12-15 15:28:17"
24527393;"Вход";"2024-12-15 15:28:20"
24527394;"Вход";"2024-12-15 15:30:15"
24527395;"Вход";"2024-12-15 15:30:16"
24527396;"Выход";"2024-12-15 15:30:40"
24527397;"Вход";"2024-12-15 15:31:01"
24527398;"Выход";"2024-12-15 15:31:02"
24527399;"Выход";"2024-12-15 15:31:12"
24527400;"Выход";"2024-12-15 15:31:16"
24527401;"Выход";"2024-12-15 15:31:17"
24527402;"Выход";"2024-12-15 15:32:06"
24527403;"Выход";"2024-12-15 15:32:32"
24527404;"Вход";"2024-12-15 15:33:32"
24527405;"Выход";"2024-12-15 15:33:41"
24527412;"Вход";"2024-12-15 15:34:26"
24527419;"Вход";"2024-12-15 15:35:12"
24527420;"Выход";"2024-12-15 15:35:16"
24527437;"Выход";"2024-12-15 15:35:32"
24527438;"Выход";"2024-12-15 15:36:03"
24527439;"Выход";"2024-12-15 15:36:04"
24527440;"Выход";"2024-12-15 15:36:04"
24527441;"Выход";"2024-12-15 15:36:20"
24527442;"Вход";"2024-12-15 15:36:21"
24527443;"Вход";"2024-12-15 15:36:25"
24527444;"Вход";"2024-12-15 15:36:26"
24527445;"Выход";"2024-12-15 15:36:29"
24527446;"Выход";"2024-12-15 15:36:34"
24527447;"Выход";"2024-12-15 15:36:36"
24527448;"Выход";"2024-12-15 15:36:40"
24527455;"Выход";"2024-12-15 15:36:48"
24527456;"Вход";"2024-12-15 15:36:50"
24527457;"Вход";"2024-12-15 15:36:55"
24527462;"Выход";"2024-12-15 15:37:05"
24527463;"Вход";"2024-12-15 15:37:46"
24527464;"Вход";"2024-12-15 15:38:21"
24527465;"Выход";"2024-12-15 15:38:35"
24527466;"Выход";"2024-12-15 15:38:38"
24527467;"Выход";"2024-12-15 15:38:45"
24527468;"Вход";"2024-12-15 15:38:48"
24527473;"Вход";"2024-12-15 15:39:28"
24527474;"Выход";"2024-12-15 15:39:31"
24527475;"Вход";"2024-12-15 15:39:32"
24527476;"Вход";"2024-12-15 15:40:09"
24527477;"Выход";"2024-12-15 15:40:26"
24527478;"Вход";"2024-12-15 15:41:12"
24527481;"Вход";"2024-12-15 15:41:33"
24527482;"Вход";"2024-12-15 15:41:46"
24527483;"Выход";"2024-12-15 15:41:47"
24527488;"Выход";"2024-12-15 15:42:33"
24527493;"Вход";"2024-12-15 15:43:21"
24527498;"Выход";"2024-12-15 15:43:31"
24527499;"Вход";"2024-12-15 15:43:39"
24527502;"Выход";"2024-12-15 15:44:38"
24527503;"Вход";"2024-12-15 15:45:33"
24527504;"Вход";"2024-12-15 15:45:59"
24527505;"Вход";"2024-12-15 15:46:01"
24527506;"Вход";"2024-12-15 15:46:02"
24527507;"Вход";"2024-12-15 15:46:03"
24527508;"Выход";"2024-12-15 15:46:18"
24527509;"Выход";"2024-12-15 15:46:33"
24527510;"Выход";"2024-12-15 15:46:33"
24527511;"Вход";"2024-12-15 15:46:44"
24527512;"Вход";"2024-12-15 15:47:14"
24527513;"Вход";"2024-12-15 15:47:15"
24527514;"Выход";"2024-12-15 15:47:30"
24527515;"Выход";"2024-12-15 15:47:31"
24527516;"Вход";"2024-12-15 15:48:40"
24527517;"Выход";"2024-12-15 15:49:22"
24527518;"Выход";"2024-12-15 15:49:24"
24527519;"Вход";"2024-12-15 15:50:38"
24527520;"Выход";"2024-12-15 15:50:44"
24527521;"Вход";"2024-12-15 15:51:06"
24527522;"Вход";"2024-12-15 15:51:07"
24527523;"Вход";"2024-12-15 15:52:04"
24527524;"Вход";"2024-12-15 15:52:06"
24527525;"Выход";"2024-12-15 15:53:56"
24527526;"Выход";"2024-12-15 15:54:10"
24527527;"Выход";"2024-12-15 15:54:11"
24527528;"Выход";"2024-12-15 15:54:14"
24527529;"Выход";"2024-12-15 15:54:15"
24527530;"Выход";"2024-12-15 15:54:28"
24527531;"Выход";"2024-12-15 15:54:30"
24527532;"Выход";"2024-12-15 15:55:25"
24527533;"Выход";"2024-12-15 15:56:16"
24527534;"Выход";"2024-12-15 15:56:18"
24527535;"Выход";"2024-12-15 15:56:35"
24527536;"Выход";"2024-12-15 15:56:39"
24527537;"Вход";"2024-12-15 15:57:51"
24527538;"Вход";"2024-12-15 15:57:52"
24527539;"Вход";"2024-12-15 15:59:02"
24527540;"Вход";"2024-12-15 15:59:03"
24527541;"Вход";"2024-12-15 15:59:04"
24527542;"Вход";"2024-12-15 15:59:07"
24527543;"Вход";"2024-12-15 15:59:08"
24527546;"Выход";"2024-12-15 16:00:53"
24527547;"Вход";"2024-12-15 16:01:21"
24527548;"Вход";"2024-12-15 16:01:22"
24527549;"Вход";"2024-12-15 16:01:34"
24527550;"Вход";"2024-12-15 16:01:34"
24527551;"Вход";"2024-12-15 16:01:40"
24527552;"Вход";"2024-12-15 16:01:41"
24527553;"Выход";"2024-12-15 16:01:57"
24527556;"Выход";"2024-12-15 16:02:16"
24527559;"Выход";"2024-12-15 16:02:34"
24527560;"Выход";"2024-12-15 16:02:39"
24527561;"Выход";"2024-12-15 16:02:58"
24527564;"Вход";"2024-12-15 16:03:00"
24527565;"Вход";"2024-12-15 16:03:02"
24527566;"Выход";"2024-12-15 16:03:03"
24527569;"Вход";"2024-12-15 16:03:40"
24527572;"Выход";"2024-12-15 16:04:38"
24527573;"Выход";"2024-12-15 16:04:51"
24527574;"Выход";"2024-12-15 16:06:31"
24527575;"Выход";"2024-12-15 16:06:48"
24527576;"Выход";"2024-12-15 16:06:58"
24527577;"Вход";"2024-12-15 16:07:06"
24527578;"Вход";"2024-12-15 16:07:23"
24527579;"Вход";"2024-12-15 16:07:37"
24527580;"Вход";"2024-12-15 16:07:38"
24527581;"Вход";"2024-12-15 16:07:41"
24527582;"Выход";"2024-12-15 16:08:01"
24527583;"Выход";"2024-12-15 16:08:06"
24527584;"Выход";"2024-12-15 16:09:05"
24527589;"Вход";"2024-12-15 16:09:20"
24527590;"Вход";"2024-12-15 16:09:22"
24527603;"Вход";"2024-12-15 16:10:20"
24527604;"Вход";"2024-12-15 16:10:21"
24527605;"Вход";"2024-12-15 16:11:04"
24527608;"Выход";"2024-12-15 16:12:24"
24527609;"Выход";"2024-12-15 16:13:02"
24527610;"Вход";"2024-12-15 16:13:24"
24527611;"Вход";"2024-12-15 16:13:25"
24527612;"Вход";"2024-12-15 16:13:26"
24527613;"Выход";"2024-12-15 16:13:43"
24527614;"Выход";"2024-12-15 16:13:45"
24527615;"Вход";"2024-12-15 16:16:18"
24527616;"Вход";"2024-12-15 16:16:19"
24527619;"Вход";"2024-12-15 16:17:26"
24527620;"Выход";"2024-12-15 16:18:00"
24527621;"Выход";"2024-12-15 16:18:02"
24527622;"Выход";"2024-12-15 16:18:03"
24527623;"Вход";"2024-12-15 16:18:16"
24527626;"Выход";"2024-12-15 16:18:18"
24527637;"Выход";"2024-12-15 16:19:10"
24527638;"Выход";"2024-12-15 16:19:13"
24527639;"Вход";"2024-12-15 16:19:47"
24527640;"Выход";"2024-12-15 16:20:34"
24527641;"Выход";"2024-12-15 16:20:53"
24527642;"Выход";"2024-12-15 16:21:44"
24527643;"Вход";"2024-12-15 16:22:02"
24527644;"Выход";"2024-12-15 16:22:38"
24527645;"Вход";"2024-12-15 16:22:39"
24527646;"Вход";"2024-12-15 16:22:39"
24527647;"Вход";"2024-12-15 16:23:12"
24527648;"Выход";"2024-12-15 16:23:30"
24527653;"Выход";"2024-12-15 16:24:16"
24527654;"Выход";"2024-12-15 16:24:19"
24527657;"Выход";"2024-12-15 16:24:42"
24527658;"Выход";"2024-12-15 16:24:43"
24527663;"Выход";"2024-12-15 16:27:50"
24527664;"Выход";"2024-12-15 16:28:30"
24527665;"Вход";"2024-12-15 16:28:33"
24527666;"Выход";"2024-12-15 16:28:55"
24527667;"Выход";"2024-12-15 16:28:57"
24527672;"Вход";"2024-12-15 16:30:05"
24527673;"Вход";"2024-12-15 16:30:11"
24527674;"Выход";"2024-12-15 16:30:25"
24527675;"Выход";"2024-12-15 16:30:25"
24527678;"Вход";"2024-12-15 16:30:44"
24527679;"Выход";"2024-12-15 16:31:31"
24527680;"Выход";"2024-12-15 16:31:32"
24527681;"Выход";"2024-12-15 16:32:27"
24527682;"Вход";"2024-12-15 16:33:41"
24527683;"Выход";"2024-12-15 16:34:19"
24527684;"Выход";"2024-12-15 16:34:38"
24527685;"Выход";"2024-12-15 16:34:40"
24527687;"Вход";"2024-12-15 16:36:46"
24527689;"Вход";"2024-12-15 16:37:05"
24527690;"Вход";"2024-12-15 16:37:06"
24527691;"Выход";"2024-12-15 16:38:24"
24527692;"Вход";"2024-12-15 16:38:31"
24527693;"Вход";"2024-12-15 16:38:32"
24527694;"Вход";"2024-12-15 16:38:33"
24527695;"Вход";"2024-12-15 16:38:34"
24527696;"Вход";"2024-12-15 16:38:39"
24527697;"Вход";"2024-12-15 16:38:40"
24527698;"Выход";"2024-12-15 16:39:18"
24527699;"Выход";"2024-12-15 16:39:20"
24527700;"Выход";"2024-12-15 16:39:42"
24527701;"Выход";"2024-12-15 16:39:42"
24527704;"Вход";"2024-12-15 16:40:38"
24527705;"Выход";"2024-12-15 16:41:51"
24527706;"Выход";"2024-12-15 16:41:58"
24527707;"Вход";"2024-12-15 16:42:51"
24527708;"Выход";"2024-12-15 16:44:09"
24527709;"Вход";"2024-12-15 16:45:03"
24527710;"Выход";"2024-12-15 16:45:17"
24527711;"Вход";"2024-12-15 16:45:25"
24527712;"Вход";"2024-12-15 16:45:38"
24527713;"Выход";"2024-12-15 16:45:57"
24527714;"Выход";"2024-12-15 16:46:57"
24527715;"Вход";"2024-12-15 16:47:18"
24527716;"Выход";"2024-12-15 16:47:19"
24527717;"Вход";"2024-12-15 16:47:22"
24527718;"Выход";"2024-12-15 16:47:31"
24527719;"Выход";"2024-12-15 16:48:07"
24527720;"Выход";"2024-12-15 16:48:08"
24527731;"Вход";"2024-12-15 16:49:12"
24527732;"Вход";"2024-12-15 16:49:13"
24527737;"Выход";"2024-12-15 16:49:41"
24527740;"Вход";"2024-12-15 16:49:56"
24527741;"Выход";"2024-12-15 16:49:58"
24527742;"Выход";"2024-12-15 16:51:40"
24527743;"Выход";"2024-12-15 16:51:41"
24527744;"Вход";"2024-12-15 16:52:41"
24527745;"Выход";"2024-12-15 16:53:57"
24527746;"Вход";"2024-12-15 16:54:12"
24527747;"Выход";"2024-12-15 16:54:35"
24527748;"Вход";"2024-12-15 16:56:48"
24527749;"Вход";"2024-12-15 16:56:50"
24527750;"Выход";"2024-12-15 16:57:27"
24527751;"Выход";"2024-12-15 16:57:28"
24527752;"Вход";"2024-12-15 16:58:53"
24527753;"Выход";"2024-12-15 16:59:11"
24527754;"Выход";"2024-12-15 16:59:13"
24527755;"Вход";"2024-12-15 16:59:53"
24527756;"Вход";"2024-12-15 17:00:18"
24527757;"Вход";"2024-12-15 17:00:19"
24527758;"Вход";"2024-12-15 17:00:25"
24527759;"Вход";"2024-12-15 17:00:26"
24527760;"Вход";"2024-12-15 17:01:21"
24527761;"Вход";"2024-12-15 17:01:22"
24527766;"Вход";"2024-12-15 17:01:23"
24527771;"Выход";"2024-12-15 17:01:42"
24527772;"Вход";"2024-12-15 17:01:48"
24527773;"Выход";"2024-12-15 17:01:48"
24527774;"Выход";"2024-12-15 17:01:50"
24527775;"Выход";"2024-12-15 17:01:53"
24527776;"Выход";"2024-12-15 17:01:56"
24527777;"Вход";"2024-12-15 17:02:17"
24527778;"Вход";"2024-12-15 17:04:24"
24527779;"Вход";"2024-12-15 17:04:25"
24527780;"Выход";"2024-12-15 17:05:05"
24527781;"Выход";"2024-12-15 17:05:16"
24527782;"Выход";"2024-12-15 17:06:05"
24527783;"Выход";"2024-12-15 17:06:06"
24527784;"Выход";"2024-12-15 17:06:55"
24527785;"Выход";"2024-12-15 17:06:58"
24527786;"Выход";"2024-12-15 17:06:59"
24527787;"Вход";"2024-12-15 17:07:13"
24527788;"Выход";"2024-12-15 17:07:17"
24527789;"Выход";"2024-12-15 17:07:26"
24527790;"Вход";"2024-12-15 17:07:53"
24527791;"Вход";"2024-12-15 17:07:55"
24527792;"Вход";"2024-12-15 17:07:57"
24527793;"Выход";"2024-12-15 17:08:06"
24527794;"Выход";"2024-12-15 17:08:07"
24527795;"Вход";"2024-12-15 17:08:27"
24527796;"Вход";"2024-12-15 17:08:48"
24527805;"Выход";"2024-12-15 17:09:55"
24527806;"Выход";"2024-12-15 17:09:56"
24527807;"Выход";"2024-12-15 17:09:58"
24527808;"Вход";"2024-12-15 17:10:08"
24527809;"Вход";"2024-12-15 17:10:09"
24527812;"Вход";"2024-12-15 17:11:02"
24527813;"Вход";"2024-12-15 17:11:23"
24527814;"Вход";"2024-12-15 17:11:24"
24527815;"Выход";"2024-12-15 17:12:19"
24527816;"Выход";"2024-12-15 17:14:06"
24527817;"Вход";"2024-12-15 17:14:24"
24527818;"Выход";"2024-12-15 17:16:45"
24527819;"Вход";"2024-12-15 17:16:50"
24527820;"Вход";"2024-12-15 17:16:50"
24527821;"Выход";"2024-12-15 17:16:54"
24527822;"Вход";"2024-12-15 17:17:01"
24527823;"Вход";"2024-12-15 17:17:54"
24527824;"Выход";"2024-12-15 17:18:19"
24527825;"Вход";"2024-12-15 17:18:34"
24527826;"Вход";"2024-12-15 17:18:36"
24527827;"Выход";"2024-12-15 17:19:36"
24527828;"Выход";"2024-12-15 17:19:36"
24527829;"Вход";"2024-12-15 17:21:18"
24527830;"Выход";"2024-12-15 17:21:54"
24527831;"Выход";"2024-12-15 17:21:58"
24527839;"Выход";"2024-12-15 17:22:50"
24527840;"Выход";"2024-12-15 17:22:52"
24527842;"Выход";"2024-12-15 17:23:13"
24527843;"Выход";"2024-12-15 17:23:14"
24527844;"Выход";"2024-12-15 17:24:27"
24527845;"Вход";"2024-12-15 17:24:44"
24527846;"Выход";"2024-12-15 17:25:00"
24527847;"Вход";"2024-12-15 17:25:20"
24527848;"Вход";"2024-12-15 17:25:22"
24527851;"Вход";"2024-12-15 17:26:23"
24527852;"Вход";"2024-12-15 17:26:31"
24527853;"Вход";"2024-12-15 17:26:32"
24527854;"Выход";"2024-12-15 17:26:46"
24527855;"Выход";"2024-12-15 17:26:46"
24527856;"Выход";"2024-12-15 17:26:49"
24527857;"Вход";"2024-12-15 17:27:45"
24527858;"Вход";"2024-12-15 17:29:42"
24527859;"Вход";"2024-12-15 17:29:52"
24527860;"Вход";"2024-12-15 17:31:20"
24527861;"Вход";"2024-12-15 17:31:23"
24527862;"Выход";"2024-12-15 17:32:06"
24527869;"Выход";"2024-12-15 17:33:32"
24527870;"Выход";"2024-12-15 17:34:24"
24527871;"Вход";"2024-12-15 17:35:16"
24527872;"Вход";"2024-12-15 17:35:30"
24527873;"Выход";"2024-12-15 17:36:03"
24527874;"Выход";"2024-12-15 17:36:40"
24527875;"Выход";"2024-12-15 17:36:41"
24527876;"Выход";"2024-12-15 17:37:40"
24527877;"Выход";"2024-12-15 17:37:57"
24527878;"Выход";"2024-12-15 17:38:39"
24527879;"Выход";"2024-12-15 17:38:42"
24527881;"Выход";"2024-12-15 17:39:22"
24527885;"Вход";"2024-12-15 17:39:48"
24527886;"Выход";"2024-12-15 17:39:48"
24527887;"Вход";"2024-12-15 17:39:49"
24527888;"Выход";"2024-12-15 17:39:49"
24527889;"Выход";"2024-12-15 17:39:52"
24527890;"Выход";"2024-12-15 17:39:53"
24527893;"Выход";"2024-12-15 17:40:39"
24527896;"Выход";"2024-12-15 17:40:42"
24527897;"Выход";"2024-12-15 17:40:43"
24527898;"Выход";"2024-12-15 17:40:43"
24527899;"Выход";"2024-12-15 17:40:49"
24527900;"Выход";"2024-12-15 17:40:50"
24527901;"Вход";"2024-12-15 17:41:03"
24527902;"Выход";"2024-12-15 17:41:30"
24527903;"Выход";"2024-12-15 17:41:36"
24527904;"Выход";"2024-12-15 17:42:00"
24527905;"Выход";"2024-12-15 17:42:45"
24527906;"Вход";"2024-12-15 17:43:50"
24527907;"Вход";"2024-12-15 17:43:51"
24527908;"Выход";"2024-12-15 17:44:03"
24527911;"Выход";"2024-12-15 17:44:55"
24527912;"Выход";"2024-12-15 17:44:56"
24527913;"Выход";"2024-12-15 17:45:50"
24527914;"Выход";"2024-12-15 17:45:53"
24527915;"Выход";"2024-12-15 17:45:56"
24527918;"Вход";"2024-12-15 17:46:23"
24527919;"Вход";"2024-12-15 17:46:57"
24527920;"Вход";"2024-12-15 17:46:58"
24527921;"Вход";"2024-12-15 17:47:28"
24527922;"Выход";"2024-12-15 17:49:02"
24527923;"Выход";"2024-12-15 17:49:04"
24527924;"Вход";"2024-12-15 17:49:59"
24527925;"Вход";"2024-12-15 17:50:49"
24527926;"Вход";"2024-12-15 17:50:50"
24527927;"Выход";"2024-12-15 17:50:59"
24527928;"Вход";"2024-12-15 17:51:52"
24527929;"Выход";"2024-12-15 17:53:02"
24527930;"Выход";"2024-12-15 17:53:35"
24527931;"Вход";"2024-12-15 17:55:32"
24527932;"Вход";"2024-12-15 17:55:33"
24527933;"Выход";"2024-12-15 17:55:52"
24527934;"Выход";"2024-12-15 17:55:54"
24527935;"Вход";"2024-12-15 17:56:03"
24527936;"Вход";"2024-12-15 17:56:04"
24527937;"Вход";"2024-12-15 17:56:53"
24527938;"Вход";"2024-12-15 17:57:34"
24527939;"Выход";"2024-12-15 17:57:35"
24527940;"Выход";"2024-12-15 17:57:36"
24527941;"Вход";"2024-12-15 17:57:58"
24527942;"Выход";"2024-12-15 17:58:50"
24527943;"Выход";"2024-12-15 17:58:56"
24527944;"Выход";"2024-12-15 17:58:58"
24527945;"Выход";"2024-12-15 17:59:03"
24527946;"Выход";"2024-12-15 17:59:06"
24527951;"Вход";"2024-12-15 18:00:53"
24527952;"Выход";"2024-12-15 18:01:33"
24527953;"Выход";"2024-12-15 18:01:41"
24527954;"Выход";"2024-12-15 18:01:45"
24527955;"Выход";"2024-12-15 18:02:12"
24527958;"Вход";"2024-12-15 18:02:51"
24527959;"Вход";"2024-12-15 18:03:54"
24527960;"Вход";"2024-12-15 18:04:34"
24527961;"Вход";"2024-12-15 18:04:35"
24527962;"Вход";"2024-12-15 18:04:36"
24527963;"Вход";"2024-12-15 18:04:38"
24527964;"Вход";"2024-12-15 18:04:39"
24527965;"Вход";"2024-12-15 18:05:37"
24527966;"Вход";"2024-12-15 18:05:37"
24527970;"Вход";"2024-12-15 18:06:20"
24527972;"Выход";"2024-12-15 18:06:23"
24527973;"Выход";"2024-12-15 18:06:27"
24527974;"Выход";"2024-12-15 18:06:43"
24527975;"Вход";"2024-12-15 18:06:48"
24527976;"Вход";"2024-12-15 18:06:52"
24527977;"Вход";"2024-12-15 18:06:53"
24527978;"Вход";"2024-12-15 18:07:10"
24527979;"Вход";"2024-12-15 18:07:30"
24527980;"Вход";"2024-12-15 18:12:07"
24527981;"Вход";"2024-12-15 18:14:12"
24527982;"Выход";"2024-12-15 18:15:13"
24527983;"Выход";"2024-12-15 18:15:15"
24527984;"Выход";"2024-12-15 18:15:45"
24527985;"Вход";"2024-12-15 18:17:06"
24527986;"Вход";"2024-12-15 18:17:58"
24527987;"Выход";"2024-12-15 18:18:28"
24527988;"Вход";"2024-12-15 18:19:47"
24527989;"Выход";"2024-12-15 18:20:02"
24527990;"Выход";"2024-12-15 18:20:02"
24527991;"Выход";"2024-12-15 18:20:03"
24527992;"Вход";"2024-12-15 18:21:37"
24527993;"Выход";"2024-12-15 18:22:44"
24527994;"Выход";"2024-12-15 18:22:46"
24527995;"Вход";"2024-12-15 18:23:49"
24527998;"Вход";"2024-12-15 18:24:03"
24528000;"Вход";"2024-12-15 18:24:05"
24528002;"Вход";"2024-12-15 18:24:07"
24528003;"Вход";"2024-12-15 18:24:26"
24528004;"Вход";"2024-12-15 18:24:27"
24528005;"Вход";"2024-12-15 18:24:28"
24528006;"Выход";"2024-12-15 18:25:06"
24528007;"Выход";"2024-12-15 18:27:53"
24528008;"Вход";"2024-12-15 18:28:09"
24528009;"Вход";"2024-12-15 18:28:13"
24528010;"Выход";"2024-12-15 18:29:20"
24528011;"Вход";"2024-12-15 18:30:36"
24528012;"Вход";"2024-12-15 18:30:51"
24528013;"Вход";"2024-12-15 18:30:51"
24528014;"Вход";"2024-12-15 18:30:52"
24528015;"Выход";"2024-12-15 18:32:32"
24528016;"Вход";"2024-12-15 18:33:25"
24528017;"Вход";"2024-12-15 18:33:25"
24528018;"Вход";"2024-12-15 18:33:26"
24528019;"Вход";"2024-12-15 18:33:27"
24528020;"Вход";"2024-12-15 18:33:27"
24528021;"Вход";"2024-12-15 18:38:35"
24528022;"Выход";"2024-12-15 18:39:34"
24528023;"Выход";"2024-12-15 18:40:15"
24528024;"Выход";"2024-12-15 18:40:16"
24528025;"Вход";"2024-12-15 18:40:54"
24528026;"Вход";"2024-12-15 18:40:59"
24528027;"Выход";"2024-12-15 18:42:40"
24528028;"Выход";"2024-12-15 18:43:09"
24528029;"Выход";"2024-12-15 18:43:47"
24528030;"Вход";"2024-12-15 18:44:23"
24528031;"Выход";"2024-12-15 18:44:28"
24528032;"Выход";"2024-12-15 18:44:28"
24528033;"Выход";"2024-12-15 18:44:31"
24528034;"Выход";"2024-12-15 18:44:58"
24528035;"Вход";"2024-12-15 18:45:13"
24528036;"Выход";"2024-12-15 18:45:31"
24528037;"Вход";"2024-12-15 18:45:40"
24528038;"Выход";"2024-12-15 18:45:42"
24528039;"Выход";"2024-12-15 18:46:22"
24528040;"Выход";"2024-12-15 18:46:25"
24528041;"Выход";"2024-12-15 18:46:28"
24528042;"Выход";"2024-12-15 18:46:29"
24528043;"Выход";"2024-12-15 18:46:29"
24528048;"Выход";"2024-12-15 18:46:30"
24528049;"Выход";"2024-12-15 18:47:01"
24528050;"Выход";"2024-12-15 18:48:01"
24528051;"Выход";"2024-12-15 18:48:59"
24528052;"Вход";"2024-12-15 18:50:56"
24528053;"Выход";"2024-12-15 18:51:03"
24528054;"Вход";"2024-12-15 18:51:10"
24528055;"Вход";"2024-12-15 18:51:12"
24528056;"Выход";"2024-12-15 18:51:26"
24528057;"Выход";"2024-12-15 18:51:28"
24528058;"Выход";"2024-12-15 18:51:49"
24528059;"Вход";"2024-12-15 18:52:03"
24528060;"Вход";"2024-12-15 18:52:35"
24528061;"Вход";"2024-12-15 18:52:44"
24528062;"Вход";"2024-12-15 18:53:04"
24528063;"Вход";"2024-12-15 18:53:06"
24528064;"Выход";"2024-12-15 18:54:44"
24528065;"Выход";"2024-12-15 18:54:58"
24528066;"Выход";"2024-12-15 18:55:28"
24528067;"Выход";"2024-12-15 18:55:59"
24528068;"Выход";"2024-12-15 18:56:01"
24528069;"Выход";"2024-12-15 18:57:08"
24528070;"Выход";"2024-12-15 18:57:08"
24528075;"Выход";"2024-12-15 18:58:14"
24528076;"Выход";"2024-12-15 19:00:29"
24528077;"Выход";"2024-12-15 19:00:33"
24528078;"Вход";"2024-12-15 19:00:43"
24528079;"Выход";"2024-12-15 19:00:52"
24528080;"Выход";"2024-12-15 19:00:52"
24528081;"Выход";"2024-12-15 19:00:59"
24528082;"Выход";"2024-12-15 19:01:29"
24528083;"Выход";"2024-12-15 19:01:33"
24528084;"Выход";"2024-12-15 19:01:36"
24528085;"Выход";"2024-12-15 19:01:39"
24528086;"Выход";"2024-12-15 19:01:42"
24528087;"Выход";"2024-12-15 19:01:50"
24528088;"Выход";"2024-12-15 19:01:57"
24528089;"Выход";"2024-12-15 19:01:59"
24528090;"Выход";"2024-12-15 19:02:18"
24528091;"Выход";"2024-12-15 19:02:22"
24528092;"Вход";"2024-12-15 19:03:30"
24528093;"Вход";"2024-12-15 19:03:31"
24528094;"Вход";"2024-12-15 19:04:46"
24528095;"Выход";"2024-12-15 19:05:33"
24528096;"Выход";"2024-12-15 19:05:33"
24528099;"Вход";"2024-12-15 19:06:29"
24528100;"Выход";"2024-12-15 19:06:46"
24528101;"Выход";"2024-12-15 19:07:14"
24528102;"Выход";"2024-12-15 19:08:02"
24528103;"Выход";"2024-12-15 19:08:02"
24528104;"Вход";"2024-12-15 19:08:15"
24528105;"Выход";"2024-12-15 19:09:03"
24528106;"Выход";"2024-12-15 19:09:22"
24528109;"Выход";"2024-12-15 19:09:27"
24528110;"Выход";"2024-12-15 19:09:41"
24528111;"Выход";"2024-12-15 19:10:52"
24528112;"Выход";"2024-12-15 19:10:54"
24528115;"Выход";"2024-12-15 19:16:26"
24528118;"Вход";"2024-12-15 19:16:28"
24528119;"Вход";"2024-12-15 19:16:29"
24528120;"Вход";"2024-12-15 19:16:30"
24528121;"Вход";"2024-12-15 19:16:31"
24528122;"Выход";"2024-12-15 19:24:52"
24528123;"Вход";"2024-12-15 19:28:34"
24528124;"Выход";"2024-12-15 19:33:14"
